Player,Event,RoundsPlayed,AvgWeaponValue,AvgPercentageOfTeam
1eeR,BLAST.tv_Austin_Major_2025,101,1982.67,17.73
1eeR,overall,101,1982.67,17.73
910, FISSURE_Playground_2,460,3446.41,25.5
910,BLAST.tv_Austin_Major_2025,313,3308.63,24.69
910,BLAST_Bounty_2025_Season_2_Finals,168,3470.54,24.77
910,BLAST_Open_Lisbon_2025,209,3346.17,25.11
910,BLAST_Rivals_2025_Season_2,120,3408.75,25.91
910,ESL_Pro_League_Season_21,305,3359.18,25.03
910,ESL_Pro_League_Season_22,285,3474.56,25.81
910,Esports_World_Cup_2025,233,3336.91,25.31
910,IEM_Chengdu_2025,290,3375.34,26.04
910,IEM_Cologne_2025,180,3225.83,24.34
910,IEM_Dallas_2025,235,3298.94,25.35
910,IEM_Katowice_2025,249,3259.64,24.74
910,IEM_Melbourne_2025,260,3103.85,24.76
910,PGL_Astana_2025,192,3379.69,26.18
910,PGL_Bucharest_2025,252,3196.43,24.68
910,PGL_Cluj-Napoca_2025,227,3453.52,25.64
910,StarLadder_Budapest_Major_2025,143,3262.59,25.02
910,overall,4121,3339.72,25.23
ANa,PGL_Cluj-Napoca_2025,101,2655.45,25.09
ANa,overall,101,2655.45,25.09
AW,StarLadder_Budapest_Major_2025,119,1816.39,15.87
AW,overall,119,1816.39,15.87
AZUWU,ESL_Pro_League_Season_21,188,2094.41,18.56
AZUWU,IEM_Melbourne_2025,107,2319.63,19.56
AZUWU,overall,295,2176.1,18.92
Ag1l,ESL_Pro_League_Season_21,188,2117.55,19.41
Ag1l,IEM_Melbourne_2025,107,2218.69,18.49
Ag1l,PGL_Cluj-Napoca_2025,291,2179.9,18.68
Ag1l,overall,586,2166.98,18.88
Aleksib,BLAST.tv_Austin_Major_2025,216,1977.55,16.55
Aleksib,BLAST_Bounty_2025_Season_1_Finals,142,2189.44,16.69
Aleksib,BLAST_Open_Lisbon_2025,191,1835.86,16.11
Aleksib,ESL_Pro_League_Season_21,242,1925.21,16.82
Aleksib,ESL_Pro_League_Season_22,312,2022.12,16.41
Aleksib,Esports_World_Cup_2025,69,2020.29,16.95
Aleksib,IEM_Chengdu_2025,143,1977.97,16.22
Aleksib,IEM_Cologne_2025,336,2094.64,17.43
Aleksib,IEM_Katowice_2025,198,2026.77,16.64
Aleksib,IEM_Melbourne_2025,251,1953.59,16.95
Aleksib,PGL_Astana_2025,245,2039.39,17.49
Aleksib,StarLadder_Budapest_Major_2025,276,2035.14,16.47
Aleksib,overall,2621,2008.6,16.76
Alkaren, FISSURE_Playground_2,215,3470.7,25.2
Alkaren,Esports_World_Cup_2025,108,3290.74,25.32
Alkaren,IEM_Chengdu_2025,195,3295.13,24.85
Alkaren,overall,518,3367.08,25.09
Anfield Poker,PGL_Cluj-Napoca_2025,24,1564.58,14.63
Anfield Poker,overall,24,1564.58,14.63
Attacker, FISSURE_Playground_2,202,2215.59,19.03
Attacker,BLAST_Rivals_2025_Season_2,121,2003.31,18.81
Attacker,ESL_Pro_League_Season_21,178,2148.6,18.28
Attacker,Esports_World_Cup_2025,102,2079.41,18.85
Attacker,IEM_Chengdu_2025,80,1935.0,19.75
Attacker,overall,683,2107.32,18.85
Ax1Le,BLAST_Bounty_2025_Season_1_Finals,31,1835.48,17.79
Ax1Le,overall,31,1835.48,17.79
BELCHONOKK,StarLadder_Budapest_Major_2025,119,2081.09,18.34
BELCHONOKK,overall,119,2081.09,18.34
Bart4k,BLAST_Open_Lisbon_2025,86,2086.05,20.49
Bart4k,overall,86,2086.05,20.49
Brollan,BLAST.tv_Austin_Major_2025,404,2122.65,17.28
Brollan,BLAST_Bounty_2025_Season_2_Finals,86,2151.74,17.72
Brollan,BLAST_Open_Lisbon_2025,372,2112.63,16.76
Brollan,BLAST_Open_London _2025_Finals,102,2056.86,17.44
Brollan,BLAST_Rivals_2025_Season_1,212,2197.41,17.54
Brollan,ESL_Pro_League_Season_21,393,1980.03,16.76
Brollan,ESL_Pro_League_Season_22,336,2128.42,17.03
Brollan,Esports_World_Cup_2025,122,2033.61,16.85
Brollan,IEM_Chengdu_2025,323,2156.04,16.94
Brollan,IEM_Cologne_2025,363,2130.85,16.97
Brollan,IEM_Dallas_2025,240,2158.54,17.49
Brollan,IEM_Katowice_2025,86,1884.88,17.38
Brollan,IEM_Melbourne_2025,187,2147.06,17.76
Brollan,PGL_Cluj-Napoca_2025,463,2119.87,17.08
Brollan,StarLadder_Budapest_Major_2025,219,2026.26,16.5
Brollan,overall,3908,2103.98,17.09
C4LLM3SU3, FISSURE_Playground_2,140,2400.71,19.61
C4LLM3SU3,BLAST.tv_Austin_Major_2025,107,2003.74,18.67
C4LLM3SU3,IEM_Chengdu_2025,141,2187.59,19.49
C4LLM3SU3,IEM_Dallas_2025,83,2050.0,19.89
C4LLM3SU3,overall,471,2184.93,19.41
CYPHER,IEM_Dallas_2025,84,2055.36,18.4
CYPHER,overall,84,2055.36,18.4
CacaNito,IEM_Dallas_2025,84,2150.0,19.66
CacaNito,overall,84,2150.0,19.66
ChildKing,PGL_Bucharest_2025,147,2099.66,19.12
ChildKing,overall,147,2099.66,19.12
Cxzi,IEM_Melbourne_2025,167,2084.13,17.9
Cxzi,PGL_Bucharest_2025,362,2161.6,18.08
Cxzi,PGL_Cluj-Napoca_2025,168,2150.0,18.03
Cxzi,overall,697,2140.24,18.03
Dawy,ESL_Pro_League_Season_22,176,2234.38,19.8
Dawy,overall,176,2234.38,19.8
Demho,PGL_Bucharest_2025,213,2141.08,18.65
Demho,overall,213,2141.08,18.65
Djoko,IEM_Katowice_2025,169,2152.07,18.44
Djoko,overall,169,2152.07,18.44
EVIL J0RDAN,PGL_Bucharest_2025,24,2483.33,22.3
EVIL J0RDAN,overall,24,2483.33,22.3
EliGE,BLAST.tv_Austin_Major_2025,149,2259.4,19.64
EliGE,BLAST_Open_Lisbon_2025,152,2353.29,19.97
EliGE,BLAST_Rivals_2025_Season_1,145,2312.76,19.63
EliGE,Esports_World_Cup_2025,55,2140.91,20.7
EliGE,IEM_Cologne_2025,175,2276.57,20.25
EliGE,IEM_Dallas_2025,158,2235.44,18.83
EliGE,IEM_Katowice_2025,276,2296.38,19.4
EliGE,IEM_Melbourne_2025,191,2419.37,19.37
EliGE,PGL_Bucharest_2025,380,2284.87,19.44
EliGE,PGL_Cluj-Napoca_2025,323,2306.35,19.39
EliGE,StarLadder_Budapest_Major_2025,90,2231.67,19.12
EliGE,overall,2094,2296.56,19.53
EmiliaQAQ, FISSURE_Playground_2,140,2277.5,17.87
EmiliaQAQ,BLAST.tv_Austin_Major_2025,107,2047.66,18.58
EmiliaQAQ,IEM_Chengdu_2025,141,2117.02,18.36
EmiliaQAQ,IEM_Dallas_2025,83,1986.75,18.09
EmiliaQAQ,overall,471,2126.01,18.22
Ex3rcice, FISSURE_Playground_2,251,2419.92,19.82
Ex3rcice,BLAST.tv_Austin_Major_2025,113,2405.31,20.45
Ex3rcice,ESL_Pro_League_Season_21,240,2114.17,18.62
Ex3rcice,ESL_Pro_League_Season_22,307,2320.03,19.48
Ex3rcice,Esports_World_Cup_2025,134,2194.4,19.74
Ex3rcice,IEM_Chengdu_2025,114,2432.02,21.14
Ex3rcice,IEM_Cologne_2025,163,2189.88,19.3
Ex3rcice,IEM_Dallas_2025,202,2247.77,19.94
Ex3rcice,IEM_Katowice_2025,169,2321.3,19.92
Ex3rcice,IEM_Melbourne_2025,125,2210.8,18.85
Ex3rcice,PGL_Bucharest_2025,231,2158.66,19.67
Ex3rcice,PGL_Cluj-Napoca_2025,270,2251.11,19.66
Ex3rcice,StarLadder_Budapest_Major_2025,147,2096.6,18.27
Ex3rcice,overall,2466,2256.47,19.56
FL1T, FISSURE_Playground_2,251,2319.72,20.68
FL1T,BLAST.tv_Austin_Major_2025,184,2150.27,21.55
FL1T,BLAST_Bounty_2025_Season_2_Finals,39,2115.38,20.19
FL1T,BLAST_Open_Lisbon_2025,252,2393.06,20.36
FL1T,Esports_World_Cup_2025,59,2272.88,20.9
FL1T,IEM_Chengdu_2025,194,2219.33,19.72
FL1T,IEM_Katowice_2025,202,2251.49,19.65
FL1T,IEM_Melbourne_2025,108,2271.3,21.88
FL1T,PGL_Astana_2025,316,2369.46,21.71
FL1T,PGL_Bucharest_2025,256,2382.23,21.66
FL1T,PGL_Cluj-Napoca_2025,273,2387.36,21.45
FL1T,overall,2134,2314.22,20.96
FL4MUS,BLAST.tv_Austin_Major_2025,184,1946.47,18.06
FL4MUS,BLAST_Open_Lisbon_2025,252,2451.19,20.25
FL4MUS,IEM_Katowice_2025,165,2303.03,19.21
FL4MUS,IEM_Melbourne_2025,108,2235.65,19.65
FL4MUS,PGL_Astana_2025,316,2182.75,18.75
FL4MUS,PGL_Bucharest_2025,256,2110.94,17.79
FL4MUS,PGL_Cluj-Napoca_2025,273,2269.05,19.59
FL4MUS,overall,1554,2218.08,19.01
FalleN, FISSURE_Playground_2,409,2286.06,17.22
FalleN,BLAST.tv_Austin_Major_2025,146,2040.07,16.78
FalleN,BLAST_Open_Lisbon_2025,128,3151.17,23.29
FalleN,BLAST_Open_London _2025_Finals,36,1773.61,16.24
FalleN,BLAST_Rivals_2025_Season_2,285,2223.16,17.08
FalleN,ESL_Pro_League_Season_21,272,3080.7,23.38
FalleN,ESL_Pro_League_Season_22,243,2026.75,16.6
FalleN,IEM_Chengdu_2025,307,2109.61,16.62
FalleN,IEM_Cologne_2025,272,2134.74,16.97
FalleN,IEM_Dallas_2025,144,1930.9,16.13
FalleN,IEM_Katowice_2025,102,2895.59,24.19
FalleN,PGL_Astana_2025,391,1980.31,16.37
FalleN,PGL_Bucharest_2025,182,2593.13,23.13
FalleN,StarLadder_Budapest_Major_2025,138,2107.25,17.06
FalleN,overall,3055,2292.26,18.26
Flierax,ESL_Pro_League_Season_22,176,3128.12,24.65
Flierax,overall,176,3128.12,24.65
Graviti, FISSURE_Playground_2,251,2169.92,17.36
Graviti,BLAST.tv_Austin_Major_2025,113,1997.35,17.3
Graviti,ESL_Pro_League_Season_21,240,2047.08,18.8
Graviti,ESL_Pro_League_Season_22,307,2138.93,18.0
Graviti,Esports_World_Cup_2025,134,1989.93,17.44
Graviti,IEM_Chengdu_2025,114,2147.81,17.76
Graviti,IEM_Cologne_2025,163,2101.53,18.07
Graviti,IEM_Dallas_2025,202,2103.96,18.37
Graviti,IEM_Katowice_2025,169,2127.81,18.4
Graviti,IEM_Melbourne_2025,125,2088.0,17.97
Graviti,PGL_Bucharest_2025,231,1982.25,17.59
Graviti,PGL_Cluj-Napoca_2025,270,2002.41,17.21
Graviti,StarLadder_Budapest_Major_2025,147,2123.81,19.22
Graviti,overall,2466,2079.76,17.95
Grim,BLAST_Rivals_2025_Season_2,162,2337.04,19.42
Grim,IEM_Melbourne_2025,167,2415.87,21.62
Grim,PGL_Bucharest_2025,362,2437.85,20.57
Grim,PGL_Cluj-Napoca_2025,168,2325.89,20.49
Grim,StarLadder_Budapest_Major_2025,178,2167.98,18.69
Grim,overall,1037,2354.1,20.22
HeavyGod, FISSURE_Playground_2,239,2356.9,19.3
HeavyGod,BLAST.tv_Austin_Major_2025,206,2335.92,19.52
HeavyGod,BLAST_Bounty_2025_Season_1_Finals,100,2119.0,18.29
HeavyGod,BLAST_Open_Lisbon_2025,215,2169.07,19.44
HeavyGod,BLAST_Open_London _2025_Finals,189,2314.55,18.79
HeavyGod,ESL_Pro_League_Season_21,305,2157.54,19.1
HeavyGod,ESL_Pro_League_Season_22,175,2163.71,19.67
HeavyGod,Esports_World_Cup_2025,42,1976.19,19.71
HeavyGod,IEM_Chengdu_2025,203,2365.02,19.91
HeavyGod,IEM_Cologne_2025,175,2158.29,19.16
HeavyGod,IEM_Dallas_2025,209,2209.33,20.04
HeavyGod,IEM_Katowice_2025,191,2151.31,18.41
HeavyGod,PGL_Astana_2025,276,2239.13,19.31
HeavyGod,PGL_Bucharest_2025,309,2230.26,18.82
HeavyGod,StarLadder_Budapest_Major_2025,181,2065.75,18.98
HeavyGod,overall,3015,2219.37,19.23
HexT,BLAST_Open_London _2025_Finals,61,1937.7,18.16
HexT,IEM_Dallas_2025,71,1771.83,19.5
HexT,overall,132,1848.48,18.88
HooXi, FISSURE_Playground_2,295,2195.93,16.47
HooXi,BLAST_Bounty_2025_Season_2_Finals,38,1555.26,14.09
HooXi,ESL_Pro_League_Season_22,142,1924.65,16.46
HooXi,Esports_World_Cup_2025,64,1971.09,17.11
HooXi,IEM_Chengdu_2025,234,2028.63,17.24
HooXi,IEM_Cologne_2025,78,1922.44,16.88
HooXi,PGL_Astana_2025,432,1935.19,16.08
HooXi,overall,1283,2000.78,16.46
ICON,PGL_Bucharest_2025,24,2241.67,19.88
ICON,overall,24,2241.67,19.88
ICY, FISSURE_Playground_2,251,3111.95,23.72
ICY,BLAST.tv_Austin_Major_2025,184,2790.22,23.86
ICY,BLAST_Bounty_2025_Season_2_Finals,39,2837.18,24.39
ICY,BLAST_Open_Lisbon_2025,252,3296.03,24.92
ICY,Esports_World_Cup_2025,59,3180.51,24.49
ICY,IEM_Katowice_2025,202,3127.23,25.84
ICY,IEM_Melbourne_2025,108,3225.0,25.46
ICY,PGL_Astana_2025,316,3117.56,24.44
ICY,PGL_Bucharest_2025,256,3305.66,26.09
ICY,PGL_Cluj-Napoca_2025,273,2982.97,24.06
ICY,overall,1940,3118.12,24.72
INS,BLAST_Rivals_2025_Season_1,101,2109.41,18.39
INS,IEM_Melbourne_2025,142,1915.85,18.05
INS,PGL_Cluj-Napoca_2025,164,2075.61,18.52
INS,overall,407,2028.26,18.32
JBa,BLAST_Rivals_2025_Season_1,115,1903.04,18.81
JBa,PGL_Cluj-Napoca_2025,215,2103.72,18.37
JBa,overall,330,2033.79,18.53
JDC,IEM_Katowice_2025,108,2208.8,19.43
JDC,IEM_Melbourne_2025,115,2204.78,19.26
JDC,PGL_Astana_2025,188,2173.4,19.61
JDC,PGL_Cluj-Napoca_2025,238,2206.72,19.81
JDC,overall,649,2197.07,19.59
JT,BLAST_Rivals_2025_Season_2,162,2136.42,17.86
JT,IEM_Melbourne_2025,167,2088.32,17.71
JT,PGL_Bucharest_2025,362,2225.97,18.34
JT,PGL_Cluj-Napoca_2025,168,2151.79,17.87
JT,StarLadder_Budapest_Major_2025,178,2136.24,18.39
JT,overall,1037,2162.39,18.09
JamYoung, FISSURE_Playground_2,202,2291.34,19.81
JamYoung,BLAST_Rivals_2025_Season_2,121,2107.85,20.11
JamYoung,ESL_Pro_League_Season_21,178,2228.93,18.94
JamYoung,Esports_World_Cup_2025,102,2076.96,19.12
JamYoung,IEM_Chengdu_2025,80,1915.0,18.45
JamYoung,overall,683,2166.47,19.38
Jame,StarLadder_Budapest_Major_2025,119,3291.18,26.39
Jame,overall,119,3291.18,26.39
Jee, FISSURE_Playground_2,202,3131.19,24.66
Jee,BLAST_Rivals_2025_Season_2,121,2888.02,24.08
Jee,ESL_Pro_League_Season_21,178,3332.3,25.9
Jee,Esports_World_Cup_2025,102,2843.14,23.14
Jee,IEM_Chengdu_2025,80,2568.75,22.36
Jee,overall,683,3031.63,24.38
Jeorge,IEM_Dallas_2025,71,1807.04,19.93
Jeorge,overall,71,1807.04,19.93
Jimpphat,BLAST.tv_Austin_Major_2025,404,2205.57,18.32
Jimpphat,BLAST_Bounty_2025_Season_2_Finals,86,2172.67,18.55
Jimpphat,BLAST_Open_Lisbon_2025,372,2340.59,18.93
Jimpphat,BLAST_Open_London _2025_Finals,102,2272.55,18.5
Jimpphat,BLAST_Rivals_2025_Season_1,212,2357.55,19.02
Jimpphat,ESL_Pro_League_Season_21,393,2224.43,19.05
Jimpphat,ESL_Pro_League_Season_22,336,2378.27,19.36
Jimpphat,Esports_World_Cup_2025,122,2256.56,18.97
Jimpphat,IEM_Chengdu_2025,323,2400.62,19.17
Jimpphat,IEM_Cologne_2025,363,2279.48,18.59
Jimpphat,IEM_Dallas_2025,240,2329.17,19.11
Jimpphat,IEM_Katowice_2025,86,1955.23,17.97
Jimpphat,IEM_Melbourne_2025,187,2295.99,18.77
Jimpphat,PGL_Cluj-Napoca_2025,463,2282.07,18.46
Jimpphat,StarLadder_Budapest_Major_2025,219,2250.23,18.81
Jimpphat,overall,3908,2286.99,18.81
KSCERATO, FISSURE_Playground_2,409,2450.73,18.77
KSCERATO,BLAST.tv_Austin_Major_2025,146,2259.59,19.04
KSCERATO,BLAST_Open_Lisbon_2025,128,2324.61,19.61
KSCERATO,BLAST_Open_London _2025_Finals,36,1954.17,18.1
KSCERATO,BLAST_Rivals_2025_Season_2,285,2312.46,18.89
KSCERATO,ESL_Pro_League_Season_21,272,2202.76,18.15
KSCERATO,ESL_Pro_League_Season_22,243,2241.56,18.71
KSCERATO,IEM_Chengdu_2025,307,2295.28,18.82
KSCERATO,IEM_Cologne_2025,272,2382.54,19.11
KSCERATO,IEM_Dallas_2025,144,2200.35,18.41
KSCERATO,IEM_Katowice_2025,102,2185.29,19.95
KSCERATO,PGL_Astana_2025,391,2170.97,18.9
KSCERATO,PGL_Bucharest_2025,182,1983.24,19.65
KSCERATO,StarLadder_Budapest_Major_2025,138,2189.13,18.58
KSCERATO,overall,3055,2261.01,18.88
KaiR0N-,BLAST_Bounty_2025_Season_1_Finals,31,2080.65,21.23
KaiR0N-,overall,31,2080.65,21.23
Kat,PGL_Cluj-Napoca_2025,101,1752.48,18.69
Kat,overall,101,1752.48,18.69
Krimbo,IEM_Katowice_2025,108,2247.22,21.45
Krimbo,IEM_Melbourne_2025,115,2291.3,20.68
Krimbo,PGL_Astana_2025,188,2253.46,21.04
Krimbo,PGL_Cluj-Napoca_2025,238,2261.97,21.13
Krimbo,overall,649,2262.25,21.08
Kursy, FISSURE_Playground_2,230,2928.7,23.41
Kursy,Esports_World_Cup_2025,36,2170.83,22.22
Kursy,IEM_Cologne_2025,128,3295.7,25.54
Kursy,overall,394,2978.68,23.99
Kvem,BLAST_Rivals_2025_Season_2,162,2373.15,21.47
Kvem,StarLadder_Budapest_Major_2025,178,2340.73,21.82
Kvem,overall,340,2356.18,21.66
L take L,PGL_Bucharest_2025,24,2227.08,18.92
L take L,overall,24,2227.08,18.92
L1haNg,PGL_Bucharest_2025,147,2113.95,19.63
L1haNg,overall,147,2113.95,19.63
LNZ, FISSURE_Playground_2,215,2249.53,17.62
LNZ,BLAST_Bounty_2025_Season_1_Finals,40,1943.75,17.22
LNZ,Esports_World_Cup_2025,108,2046.76,16.27
LNZ,IEM_Chengdu_2025,195,2126.41,18.14
LNZ,IEM_Cologne_2025,87,1954.02,17.48
LNZ,IEM_Dallas_2025,262,2128.24,17.26
LNZ,overall,907,2122.05,17.44
Lake,BLAST_Open_Lisbon_2025,189,2245.77,20.8
Lake,BLAST_Open_London _2025_Finals,61,2296.72,22.85
Lake,PGL_Astana_2025,173,2096.53,19.55
Lake,overall,423,2192.08,20.59
Liazz,BLAST_Rivals_2025_Season_1,101,2207.43,19.91
Liazz,IEM_Melbourne_2025,142,1919.01,17.41
Liazz,PGL_Cluj-Napoca_2025,164,2105.18,19.1
Liazz,overall,407,2065.6,18.71
Lucaozy,ESL_Pro_League_Season_21,166,2238.25,20.72
Lucaozy,IEM_Melbourne_2025,168,2182.74,19.86
Lucaozy,PGL_Astana_2025,315,2286.51,19.98
Lucaozy,PGL_Cluj-Napoca_2025,220,2308.41,19.5
Lucaozy,overall,869,2262.77,19.98
Lucky, FISSURE_Playground_2,251,2351.2,18.9
Lucky,BLAST.tv_Austin_Major_2025,113,2305.31,19.69
Lucky,ESL_Pro_League_Season_21,240,2135.21,19.36
Lucky,ESL_Pro_League_Season_22,307,2311.24,19.12
Lucky,Esports_World_Cup_2025,134,2187.31,19.3
Lucky,IEM_Chengdu_2025,114,2227.63,18.82
Lucky,IEM_Cologne_2025,163,2322.09,19.32
Lucky,IEM_Dallas_2025,202,2130.2,18.75
Lucky,IEM_Katowice_2025,169,2298.22,19.2
Lucky,IEM_Melbourne_2025,125,2282.8,19.97
Lucky,PGL_Bucharest_2025,207,2237.68,19.83
Lucky,PGL_Cluj-Napoca_2025,270,2273.52,19.39
Lucky,StarLadder_Budapest_Major_2025,147,2203.06,18.87
Lucky,overall,2442,2253.54,19.25
MAJ3R, FISSURE_Playground_2,196,2260.46,16.8
MAJ3R,BLAST.tv_Austin_Major_2025,121,1952.07,16.74
MAJ3R,BLAST_Bounty_2025_Season_1_Finals,201,2121.14,17.36
MAJ3R,BLAST_Bounty_2025_Season_2_Finals,53,2113.21,16.11
MAJ3R,BLAST_Open_Lisbon_2025,173,1999.42,16.74
MAJ3R,ESL_Pro_League_Season_21,334,2197.01,17.25
MAJ3R,ESL_Pro_League_Season_22,274,2125.73,17.15
MAJ3R,Esports_World_Cup_2025,211,2020.62,16.97
MAJ3R,IEM_Cologne_2025,139,2188.49,17.14
MAJ3R,IEM_Dallas_2025,242,2025.41,16.74
MAJ3R,IEM_Katowice_2025,305,2296.23,17.38
MAJ3R,PGL_Astana_2025,465,2123.23,17.21
MAJ3R,PGL_Bucharest_2025,313,2141.69,17.06
MAJ3R,PGL_Cluj-Napoca_2025,267,2035.77,17.18
MAJ3R,overall,3294,2125.68,17.08
MATYS, FISSURE_Playground_2,239,2265.69,17.75
MATYS,BLAST_Open_London _2025_Finals,189,2291.27,18.02
MATYS,ESL_Pro_League_Season_22,175,2105.71,17.94
MATYS,Esports_World_Cup_2025,42,1930.95,16.9
MATYS,IEM_Chengdu_2025,203,2255.91,18.03
MATYS,IEM_Cologne_2025,175,2230.57,19.07
MATYS,StarLadder_Budapest_Major_2025,181,2066.85,17.82
MATYS,overall,1204,2198.13,18.04
MUTiRiS,ESL_Pro_League_Season_21,188,2119.95,19.23
MUTiRiS,IEM_Melbourne_2025,107,2268.22,18.49
MUTiRiS,PGL_Cluj-Napoca_2025,291,2211.51,19.24
MUTiRiS,overall,586,2192.49,19.1
Magisk, FISSURE_Playground_2,295,2404.75,19.08
Magisk,BLAST_Open_Lisbon_2025,196,2476.28,19.44
Magisk,BLAST_Rivals_2025_Season_1,266,2227.26,19.14
Magisk,ESL_Pro_League_Season_21,335,2252.24,18.83
Magisk,ESL_Pro_League_Season_22,142,2122.54,19.13
Magisk,IEM_Chengdu_2025,234,2197.86,19.22
Magisk,IEM_Dallas_2025,276,2296.38,20.0
Magisk,IEM_Katowice_2025,104,2089.9,19.63
Magisk,IEM_Melbourne_2025,354,2329.94,18.83
Magisk,PGL_Bucharest_2025,422,2226.42,18.85
Magisk,PGL_Cluj-Napoca_2025,427,2223.54,19.13
Magisk,overall,3051,2268.88,19.14
Magnojez,BLAST_Bounty_2025_Season_1_Finals,31,2069.35,19.42
Magnojez,overall,31,2069.35,19.42
Maka, FISSURE_Playground_2,251,3168.13,24.2
Maka,BLAST.tv_Austin_Major_2025,113,2757.52,22.81
Maka,ESL_Pro_League_Season_21,240,2616.88,22.94
Maka,ESL_Pro_League_Season_22,307,3055.7,23.53
Maka,Esports_World_Cup_2025,134,2982.46,24.1
Maka,IEM_Chengdu_2025,114,3052.63,23.09
Maka,IEM_Cologne_2025,163,2803.07,22.84
Maka,IEM_Dallas_2025,202,2996.53,24.75
Maka,IEM_Katowice_2025,169,3012.13,24.04
Maka,IEM_Melbourne_2025,125,2873.6,22.1
Maka,PGL_Bucharest_2025,207,2837.68,23.79
Maka,PGL_Cluj-Napoca_2025,270,2934.07,23.69
Maka,StarLadder_Budapest_Major_2025,147,2895.92,23.11
Maka,overall,2442,2930.53,23.55
MartinezSa,ESL_Pro_League_Season_22,185,3060.81,24.67
MartinezSa,overall,185,3060.81,24.67
Mercury, FISSURE_Playground_2,202,2094.8,17.48
Mercury,BLAST_Rivals_2025_Season_2,121,1980.99,17.87
Mercury,ESL_Pro_League_Season_21,178,2175.84,17.75
Mercury,Esports_World_Cup_2025,102,2120.1,19.42
Mercury,IEM_Chengdu_2025,80,1938.12,18.5
Mercury,overall,683,2081.19,18.03
Mito,PGL_Bucharest_2025,24,2081.25,16.67
Mito,overall,24,2081.25,16.67
Moseyuh, FISSURE_Playground_2,202,2252.23,19.02
Moseyuh,BLAST_Rivals_2025_Season_2,121,2038.43,19.13
Moseyuh,ESL_Pro_League_Season_21,178,2288.76,19.13
Moseyuh,Esports_World_Cup_2025,102,2161.76,19.47
Moseyuh,IEM_Chengdu_2025,80,2077.5,20.94
Moseyuh,overall,683,2189.9,19.36
NAF, FISSURE_Playground_2,346,2269.36,18.44
NAF,BLAST.tv_Austin_Major_2025,117,2202.14,17.5
NAF,BLAST_Bounty_2025_Season_2_Finals,64,2560.16,18.87
NAF,BLAST_Open_Lisbon_2025,140,2076.43,18.64
NAF,ESL_Pro_League_Season_21,327,2190.98,18.71
NAF,Esports_World_Cup_2025,59,2553.39,18.59
NAF,IEM_Cologne_2025,75,1966.0,19.61
NAF,IEM_Dallas_2025,124,1997.98,19.02
NAF,IEM_Katowice_2025,152,2180.92,18.67
NAF,IEM_Melbourne_2025,269,2040.15,17.81
NAF,PGL_Bucharest_2025,130,2196.92,18.29
NAF,StarLadder_Budapest_Major_2025,90,2127.78,18.24
NAF,overall,1893,2174.91,18.46
NertZ, FISSURE_Playground_2,346,2363.01,19.34
NertZ,BLAST.tv_Austin_Major_2025,117,2361.11,19.01
NertZ,BLAST_Bounty_2025_Season_2_Finals,64,2535.16,19.52
NertZ,BLAST_Open_Lisbon_2025,140,2279.29,20.92
NertZ,ESL_Pro_League_Season_21,327,2312.08,19.97
NertZ,Esports_World_Cup_2025,59,2552.54,18.89
NertZ,IEM_Cologne_2025,75,1977.33,19.21
NertZ,IEM_Dallas_2025,124,2032.66,18.82
NertZ,IEM_Katowice_2025,152,2248.68,19.88
NertZ,IEM_Melbourne_2025,269,2320.63,20.71
NertZ,PGL_Bucharest_2025,130,2249.62,19.21
NertZ,StarLadder_Budapest_Major_2025,90,2328.33,20.13
NertZ,overall,1893,2298.07,19.76
NiKo, FISSURE_Playground_2,202,2562.38,19.91
NiKo,BLAST_Open_Lisbon_2025,196,2581.12,20.33
NiKo,BLAST_Rivals_2025_Season_1,266,2354.32,20.64
NiKo,BLAST_Rivals_2025_Season_2,253,2475.49,20.27
NiKo,ESL_Pro_League_Season_21,335,2398.66,20.53
NiKo,ESL_Pro_League_Season_22,326,2346.78,19.29
NiKo,Esports_World_Cup_2025,202,2247.03,20.21
NiKo,IEM_Chengdu_2025,227,2400.88,19.97
NiKo,IEM_Cologne_2025,151,2294.04,19.58
NiKo,IEM_Dallas_2025,276,2402.36,21.6
NiKo,IEM_Katowice_2025,104,2138.46,20.67
NiKo,IEM_Melbourne_2025,354,2432.91,20.8
NiKo,PGL_Bucharest_2025,422,2361.49,20.59
NiKo,PGL_Cluj-Napoca_2025,427,2364.99,20.99
NiKo,StarLadder_Budapest_Major_2025,228,2330.92,20.63
NiKo,overall,3969,2387.13,20.46
PR, FISSURE_Playground_2,230,2369.13,20.13
PR,ESL_Pro_League_Season_21,299,2283.78,19.48
PR,ESL_Pro_League_Season_22,135,2175.56,20.31
PR,Esports_World_Cup_2025,36,1880.56,21.55
PR,IEM_Cologne_2025,128,2292.97,18.33
PR,IEM_Dallas_2025,304,2269.9,20.38
PR,IEM_Katowice_2025,187,2135.83,19.35
PR,IEM_Melbourne_2025,235,2199.36,19.02
PR,PGL_Astana_2025,153,2173.2,19.79
PR,PGL_Bucharest_2025,252,2242.86,19.16
PR,overall,1959,2239.23,19.63
Perfecto, FISSURE_Playground_2,251,2223.11,18.73
Perfecto,BLAST_Bounty_2025_Season_2_Finals,39,2094.87,20.0
Perfecto,Esports_World_Cup_2025,59,2132.2,18.36
Perfecto,IEM_Chengdu_2025,194,2053.61,17.56
Perfecto,overall,543,2143.46,18.36
Prism,PGL_Bucharest_2025,213,2068.08,18.21
Prism,overall,213,2068.08,18.21
REZ, FISSURE_Playground_2,230,2405.87,20.21
REZ,ESL_Pro_League_Season_21,299,2277.09,19.14
REZ,ESL_Pro_League_Season_22,135,2097.78,18.75
REZ,Esports_World_Cup_2025,36,1813.89,18.3
REZ,IEM_Cologne_2025,128,2413.28,19.67
REZ,IEM_Dallas_2025,304,2284.87,20.22
REZ,IEM_Katowice_2025,187,2105.61,19.22
REZ,IEM_Melbourne_2025,235,2320.43,20.66
REZ,PGL_Astana_2025,153,2298.04,20.79
REZ,PGL_Bucharest_2025,252,2273.61,19.34
REZ,overall,1959,2271.47,19.77
SOMEBODY,PGL_Bucharest_2025,147,2177.55,20.25
SOMEBODY,overall,147,2177.55,20.25
Senzu, FISSURE_Playground_2,460,2540.43,20.51
Senzu,BLAST.tv_Austin_Major_2025,313,2600.0,21.72
Senzu,BLAST_Bounty_2025_Season_2_Finals,168,2672.02,21.05
Senzu,BLAST_Open_Lisbon_2025,209,2544.02,20.58
Senzu,ESL_Pro_League_Season_21,305,2545.57,21.12
Senzu,ESL_Pro_League_Season_22,285,2441.05,19.69
Senzu,Esports_World_Cup_2025,233,2564.81,20.91
Senzu,IEM_Cologne_2025,180,2494.44,20.62
Senzu,IEM_Dallas_2025,235,2498.3,20.87
Senzu,IEM_Katowice_2025,249,2441.16,20.79
Senzu,IEM_Melbourne_2025,260,2297.31,20.44
Senzu,PGL_Astana_2025,192,2437.76,20.72
Senzu,PGL_Bucharest_2025,252,2387.5,20.82
Senzu,PGL_Cluj-Napoca_2025,227,2602.2,21.13
Senzu,overall,3568,2504.02,20.77
Shr,PGL_Cluj-Napoca_2025,291,2207.73,19.21
Shr,overall,291,2207.73,19.21
Snappi,IEM_Cologne_2025,156,2065.38,16.96
Snappi,PGL_Astana_2025,311,1941.32,16.47
Snappi,overall,467,1982.76,16.64
Snax,BLAST.tv_Austin_Major_2025,206,2294.17,18.28
Snax,BLAST_Bounty_2025_Season_1_Finals,100,2186.5,18.22
Snax,BLAST_Open_Lisbon_2025,215,2056.74,17.47
Snax,ESL_Pro_League_Season_21,305,2113.11,17.81
Snax,IEM_Dallas_2025,209,2007.18,17.51
Snax,IEM_Katowice_2025,191,2156.28,17.95
Snax,PGL_Astana_2025,276,2183.15,18.34
Snax,PGL_Bucharest_2025,309,2138.19,17.22
Snax,overall,1811,2138.35,17.81
Sonic,BLAST_Rivals_2025_Season_1,115,2019.13,19.94
Sonic,PGL_Cluj-Napoca_2025,215,2282.79,19.53
Sonic,overall,330,2190.91,19.67
Spinx,BLAST.tv_Austin_Major_2025,404,2329.21,19.51
Spinx,BLAST_Bounty_2025_Season_2_Finals,86,2313.95,19.5
Spinx,BLAST_Open_Lisbon_2025,372,2406.18,19.87
Spinx,BLAST_Open_London _2025_Finals,102,2313.24,20.13
Spinx,BLAST_Rivals_2025_Season_1,212,2358.96,19.28
Spinx,ESL_Pro_League_Season_21,393,2322.39,20.32
Spinx,ESL_Pro_League_Season_22,336,2384.08,19.63
Spinx,Esports_World_Cup_2025,122,2243.85,18.93
Spinx,IEM_Chengdu_2025,323,2386.53,19.26
Spinx,IEM_Cologne_2025,363,2364.19,19.34
Spinx,IEM_Dallas_2025,240,2375.83,19.55
Spinx,IEM_Melbourne_2025,187,2376.2,20.08
Spinx,PGL_Cluj-Napoca_2025,463,2403.24,20.27
Spinx,StarLadder_Budapest_Major_2025,219,2270.09,19.23
Spinx,overall,3822,2357.95,19.69
Staehr, FISSURE_Playground_2,295,2444.75,19.26
Staehr,BLAST_Bounty_2025_Season_2_Finals,38,2050.0,19.11
Staehr,BLAST_Open_Lisbon_2025,75,1834.67,18.92
Staehr,ESL_Pro_League_Season_22,142,2169.37,19.71
Staehr,Esports_World_Cup_2025,64,2070.31,18.43
Staehr,IEM_Chengdu_2025,234,2191.24,18.84
Staehr,IEM_Cologne_2025,78,2132.69,19.72
Staehr,IEM_Katowice_2025,143,1874.48,18.02
Staehr,PGL_Astana_2025,432,2269.21,19.73
Staehr,PGL_Bucharest_2025,287,2214.63,19.0
Staehr,PGL_Cluj-Napoca_2025,512,2284.86,18.48
Staehr,overall,2300,2221.8,19.03
Starry, FISSURE_Playground_2,140,2400.0,19.53
Starry,BLAST.tv_Austin_Major_2025,107,2148.6,19.7
Starry,IEM_Chengdu_2025,141,2159.57,19.19
Starry,IEM_Dallas_2025,83,2190.96,20.71
Starry,overall,471,2234.08,19.68
Summer,PGL_Bucharest_2025,147,2039.8,18.94
Summer,overall,147,2039.8,18.94
SunPayus, FISSURE_Playground_2,239,3408.16,26.49
SunPayus,BLAST_Bounty_2025_Season_1_Finals,40,2896.25,24.54
SunPayus,BLAST_Open_London _2025_Finals,189,3329.89,25.42
SunPayus,ESL_Pro_League_Season_22,175,3155.14,25.7
SunPayus,Esports_World_Cup_2025,42,2701.19,22.77
SunPayus,IEM_Chengdu_2025,203,3399.51,26.1
SunPayus,IEM_Cologne_2025,175,2982.0,24.02
SunPayus,IEM_Dallas_2025,262,3190.27,24.65
SunPayus,StarLadder_Budapest_Major_2025,181,3029.56,25.85
SunPayus,overall,1506,3201.53,25.37
Swisher,BLAST_Open_Lisbon_2025,189,2086.24,18.56
Swisher,BLAST_Open_London _2025_Finals,61,1987.7,17.58
Swisher,PGL_Astana_2025,173,1973.41,18.51
Swisher,overall,423,2025.89,18.4
TaZ,PGL_Astana_2025,276,1993.12,16.42
TaZ,overall,276,1993.12,16.42
Tauson, FISSURE_Playground_2,230,2342.17,20.11
Tauson,ESL_Pro_League_Season_21,299,2325.25,19.88
Tauson,ESL_Pro_League_Season_22,135,2157.41,20.02
Tauson,Esports_World_Cup_2025,36,1998.61,22.26
Tauson,IEM_Cologne_2025,128,2327.34,19.22
Tauson,IEM_Dallas_2025,304,2231.74,19.5
Tauson,IEM_Katowice_2025,187,2117.38,19.85
Tauson,IEM_Melbourne_2025,235,2187.45,18.98
Tauson,PGL_Astana_2025,153,2197.39,19.91
Tauson,PGL_Bucharest_2025,252,2270.24,19.39
Tauson,overall,1959,2241.86,19.69
TeSeS, FISSURE_Playground_2,202,2398.51,17.79
TeSeS,BLAST_Open_Lisbon_2025,196,2305.61,17.49
TeSeS,BLAST_Rivals_2025_Season_1,266,2115.04,18.01
TeSeS,BLAST_Rivals_2025_Season_2,253,2271.15,17.77
TeSeS,ESL_Pro_League_Season_21,335,2150.45,17.7
TeSeS,ESL_Pro_League_Season_22,326,2189.42,17.56
TeSeS,Esports_World_Cup_2025,202,2059.41,17.76
TeSeS,IEM_Chengdu_2025,227,2201.1,17.57
TeSeS,IEM_Cologne_2025,151,2140.07,17.46
TeSeS,IEM_Dallas_2025,276,2035.51,16.92
TeSeS,IEM_Katowice_2025,104,1887.98,17.14
TeSeS,IEM_Melbourne_2025,354,2246.61,18.2
TeSeS,PGL_Bucharest_2025,422,2174.64,18.15
TeSeS,PGL_Cluj-Napoca_2025,427,2161.01,18.24
TeSeS,StarLadder_Budapest_Major_2025,228,2050.0,17.03
TeSeS,overall,3969,2168.77,17.74
Techno, FISSURE_Playground_2,460,2140.33,16.59
Techno,BLAST.tv_Austin_Major_2025,313,2080.99,16.66
Techno,BLAST_Bounty_2025_Season_2_Finals,168,2218.75,17.64
Techno,BLAST_Open_Lisbon_2025,209,2072.25,17.23
Techno,BLAST_Rivals_2025_Season_2,120,2044.58,17.46
Techno,ESL_Pro_League_Season_21,305,2192.13,18.0
Techno,ESL_Pro_League_Season_22,285,2204.39,17.61
Techno,Esports_World_Cup_2025,233,2145.71,17.63
Techno,IEM_Chengdu_2025,290,2102.07,17.2
Techno,IEM_Cologne_2025,180,2243.61,18.27
Techno,IEM_Dallas_2025,235,1993.83,16.55
Techno,IEM_Katowice_2025,249,2090.36,17.31
Techno,IEM_Melbourne_2025,260,2003.08,17.59
Techno,PGL_Astana_2025,192,1999.48,16.44
Techno,PGL_Bucharest_2025,252,2082.14,17.45
Techno,PGL_Cluj-Napoca_2025,227,2172.47,17.47
Techno,StarLadder_Budapest_Major_2025,143,2068.18,17.07
Techno,overall,4121,2112.28,17.26
Twistzz, FISSURE_Playground_2,346,2374.42,19.99
Twistzz,BLAST.tv_Austin_Major_2025,117,2384.19,19.87
Twistzz,BLAST_Bounty_2025_Season_2_Finals,64,2480.47,19.58
Twistzz,BLAST_Open_Lisbon_2025,140,2076.43,18.64
Twistzz,ESL_Pro_League_Season_21,327,2188.23,18.74
Twistzz,ESL_Pro_League_Season_22,352,2227.13,19.29
Twistzz,Esports_World_Cup_2025,59,2505.08,19.17
Twistzz,IEM_Chengdu_2025,98,1954.59,19.54
Twistzz,IEM_Cologne_2025,75,2064.0,20.81
Twistzz,IEM_Dallas_2025,124,2161.29,20.99
Twistzz,IEM_Katowice_2025,152,2082.89,18.1
Twistzz,IEM_Melbourne_2025,269,2211.71,19.36
Twistzz,PGL_Bucharest_2025,130,2333.85,20.54
Twistzz,StarLadder_Budapest_Major_2025,317,2258.04,19.58
Twistzz,overall,2570,2234.38,19.48
VINI,BLAST_Open_Lisbon_2025,104,1974.04,16.9
VINI,StarLadder_Budapest_Major_2025,106,2147.17,17.6
VINI,overall,210,2061.43,17.25
Veccil,BLAST_Open_Lisbon_2025,86,1884.88,18.36
Veccil,overall,86,1884.88,18.36
Vexite,BLAST_Rivals_2025_Season_1,101,2153.47,18.53
Vexite,IEM_Melbourne_2025,142,1941.9,18.64
Vexite,PGL_Cluj-Napoca_2025,164,2163.41,19.43
Vexite,overall,407,2083.66,18.93
WOOD7,PGL_Astana_2025,240,2841.25,23.81
WOOD7,overall,240,2841.25,23.81
Wicadia, FISSURE_Playground_2,196,2439.03,18.87
Wicadia,BLAST.tv_Austin_Major_2025,121,2129.75,19.6
Wicadia,BLAST_Bounty_2025_Season_1_Finals,201,2151.0,18.82
Wicadia,BLAST_Bounty_2025_Season_2_Finals,53,2560.38,20.41
Wicadia,BLAST_Open_Lisbon_2025,173,2248.27,19.55
Wicadia,ESL_Pro_League_Season_21,334,2363.02,19.85
Wicadia,ESL_Pro_League_Season_22,274,2257.85,18.62
Wicadia,Esports_World_Cup_2025,211,2388.39,20.81
Wicadia,IEM_Cologne_2025,139,2542.45,21.68
Wicadia,IEM_Dallas_2025,242,2228.72,19.17
Wicadia,IEM_Katowice_2025,305,2347.7,18.61
Wicadia,PGL_Astana_2025,465,2257.31,19.1
Wicadia,PGL_Bucharest_2025,313,2417.57,19.45
Wicadia,PGL_Cluj-Napoca_2025,267,2231.46,19.27
Wicadia,overall,3294,2311.95,19.39
XANTARES, FISSURE_Playground_2,196,2543.11,20.6
XANTARES,BLAST.tv_Austin_Major_2025,121,2273.55,21.1
XANTARES,BLAST_Bounty_2025_Season_1_Finals,201,2412.19,21.21
XANTARES,BLAST_Bounty_2025_Season_2_Finals,53,2405.66,19.16
XANTARES,BLAST_Open_Lisbon_2025,173,2384.97,21.15
XANTARES,ESL_Pro_League_Season_21,334,2399.1,19.92
XANTARES,ESL_Pro_League_Season_22,274,2395.62,20.42
XANTARES,Esports_World_Cup_2025,211,2325.83,20.44
XANTARES,IEM_Dallas_2025,242,2338.43,20.81
XANTARES,IEM_Katowice_2025,305,2498.52,20.72
XANTARES,PGL_Astana_2025,465,2394.41,20.65
XANTARES,PGL_Bucharest_2025,313,2435.14,20.64
XANTARES,PGL_Cluj-Napoca_2025,267,2334.64,20.8
XANTARES,overall,3155,2400.59,20.62
Xant3r,BLAST.tv_Austin_Major_2025,101,2000.5,18.27
Xant3r,overall,101,2000.5,18.27
YEKINDAR, FISSURE_Playground_2,409,2401.71,18.35
YEKINDAR,BLAST.tv_Austin_Major_2025,146,2296.58,19.82
YEKINDAR,BLAST_Open_London _2025_Finals,36,1972.22,18.33
YEKINDAR,BLAST_Rivals_2025_Season_2,285,2336.84,19.12
YEKINDAR,ESL_Pro_League_Season_22,243,2300.82,19.7
YEKINDAR,IEM_Chengdu_2025,307,2237.79,18.29
YEKINDAR,IEM_Cologne_2025,272,2323.9,18.6
YEKINDAR,IEM_Dallas_2025,144,2156.25,18.87
YEKINDAR,PGL_Astana_2025,391,2196.42,19.07
YEKINDAR,StarLadder_Budapest_Major_2025,138,2169.93,19.02
YEKINDAR,overall,2371,2278.17,18.88
ZywOo,BLAST.tv_Austin_Major_2025,245,3085.71,25.6
ZywOo,BLAST_Bounty_2025_Season_1_Finals,46,2968.48,23.46
ZywOo,BLAST_Bounty_2025_Season_2_Finals,108,3167.13,24.23
ZywOo,BLAST_Open_Lisbon_2025,282,3112.06,25.66
ZywOo,BLAST_Open_London _2025_Finals,142,2980.28,24.02
ZywOo,BLAST_Rivals_2025_Season_1,258,2980.81,25.23
ZywOo,BLAST_Rivals_2025_Season_2,264,3297.35,25.94
ZywOo,ESL_Pro_League_Season_21,297,2948.99,24.62
ZywOo,ESL_Pro_League_Season_22,366,3352.32,25.77
ZywOo,Esports_World_Cup_2025,214,3110.05,25.45
ZywOo,IEM_Chengdu_2025,432,3143.98,25.47
ZywOo,IEM_Cologne_2025,168,2820.83,24.12
ZywOo,IEM_Dallas_2025,284,2974.65,24.75
ZywOo,IEM_Katowice_2025,273,3252.56,25.77
ZywOo,IEM_Melbourne_2025,287,3183.1,25.97
ZywOo,StarLadder_Budapest_Major_2025,264,3364.2,25.94
ZywOo,overall,3930,3132.28,25.34
acoR,IEM_Dallas_2025,304,2809.7,22.46
acoR,overall,304,2809.7,22.46
alex,ESL_Pro_League_Season_22,185,2099.46,17.38
alex,overall,185,2099.46,17.38
alex666,StarLadder_Budapest_Major_2025,167,2231.44,18.99
alex666,overall,167,2231.44,18.99
apEX,BLAST.tv_Austin_Major_2025,245,2218.16,18.65
apEX,BLAST_Bounty_2025_Season_1_Finals,46,2070.65,16.71
apEX,BLAST_Bounty_2025_Season_2_Finals,108,2293.52,17.88
apEX,BLAST_Open_Lisbon_2025,282,2204.26,18.78
apEX,BLAST_Open_London _2025_Finals,142,2182.04,18.52
apEX,BLAST_Rivals_2025_Season_1,258,2189.15,18.76
apEX,BLAST_Rivals_2025_Season_2,264,2196.97,17.87
apEX,ESL_Pro_League_Season_21,297,2236.36,19.15
apEX,ESL_Pro_League_Season_22,366,2282.38,17.99
apEX,Esports_World_Cup_2025,214,2267.99,19.12
apEX,IEM_Chengdu_2025,432,2248.73,18.4
apEX,IEM_Cologne_2025,168,2226.79,19.24
apEX,IEM_Dallas_2025,284,2252.29,19.29
apEX,IEM_Katowice_2025,273,2250.55,17.88
apEX,IEM_Melbourne_2025,287,2283.28,18.37
apEX,StarLadder_Budapest_Major_2025,264,2166.48,17.34
apEX,overall,3930,2232.67,18.45
arrozdoce,PGL_Astana_2025,311,2210.29,18.97
arrozdoce,overall,311,2210.29,18.97
b1st,IEM_Chengdu_2025,194,3235.82,25.64
b1st,overall,194,3235.82,25.64
b1t,BLAST.tv_Austin_Major_2025,216,2134.03,18.67
b1t,BLAST_Bounty_2025_Season_1_Finals,142,2353.17,18.64
b1t,BLAST_Open_Lisbon_2025,191,2053.4,18.86
b1t,ESL_Pro_League_Season_21,242,2092.36,19.18
b1t,ESL_Pro_League_Season_22,312,2263.14,20.12
b1t,Esports_World_Cup_2025,69,2200.0,19.51
b1t,IEM_Chengdu_2025,143,2332.52,20.55
b1t,IEM_Cologne_2025,336,2209.08,19.23
b1t,IEM_Katowice_2025,198,2264.39,19.63
b1t,IEM_Melbourne_2025,251,2172.31,19.62
b1t,PGL_Astana_2025,245,2138.98,18.69
b1t,StarLadder_Budapest_Major_2025,276,2286.05,19.73
b1t,overall,2621,2203.72,19.37
bLitz, FISSURE_Playground_2,460,2423.37,19.41
bLitz,BLAST.tv_Austin_Major_2025,313,2324.44,19.28
bLitz,BLAST_Bounty_2025_Season_2_Finals,168,2365.48,19.23
bLitz,BLAST_Open_Lisbon_2025,209,2311.48,19.12
bLitz,BLAST_Rivals_2025_Season_2,120,2212.5,18.62
bLitz,ESL_Pro_League_Season_21,305,2260.49,18.25
bLitz,ESL_Pro_League_Season_22,285,2392.11,19.02
bLitz,Esports_World_Cup_2025,233,2322.96,19.02
bLitz,IEM_Chengdu_2025,290,2345.86,19.44
bLitz,IEM_Cologne_2025,180,2337.5,19.3
bLitz,IEM_Dallas_2025,235,2235.32,19.19
bLitz,IEM_Katowice_2025,249,2307.23,19.31
bLitz,IEM_Melbourne_2025,260,2148.46,18.81
bLitz,PGL_Astana_2025,192,2225.26,18.82
bLitz,PGL_Bucharest_2025,252,2216.27,19.38
bLitz,PGL_Cluj-Napoca_2025,227,2281.5,18.56
bLitz,StarLadder_Budapest_Major_2025,143,2302.8,18.89
bLitz,overall,4121,2303.6,19.07
biguzera, FISSURE_Playground_2,309,2208.9,17.44
biguzera,BLAST.tv_Austin_Major_2025,315,2021.9,17.11
biguzera,BLAST_Bounty_2025_Season_1_Finals,78,2287.82,18.36
biguzera,BLAST_Rivals_2025_Season_1,100,2039.5,17.01
biguzera,BLAST_Rivals_2025_Season_2,209,2193.3,18.52
biguzera,ESL_Pro_League_Season_21,194,2139.95,18.16
biguzera,IEM_Chengdu_2025,157,2174.2,17.9
biguzera,PGL_Astana_2025,165,2086.67,18.3
biguzera,PGL_Bucharest_2025,193,2094.04,16.9
biguzera,PGL_Cluj-Napoca_2025,309,2085.76,17.86
biguzera,StarLadder_Budapest_Major_2025,127,2299.61,18.33
biguzera,overall,2156,2134.39,17.74
bodyy, FISSURE_Playground_2,251,2385.26,19.72
bodyy,BLAST.tv_Austin_Major_2025,113,2284.51,19.74
bodyy,ESL_Pro_League_Season_21,240,2185.62,20.28
bodyy,ESL_Pro_League_Season_22,307,2307.17,19.86
bodyy,Esports_World_Cup_2025,134,2209.7,19.42
bodyy,IEM_Chengdu_2025,114,2284.65,19.19
bodyy,IEM_Cologne_2025,163,2284.66,20.46
bodyy,IEM_Dallas_2025,202,2075.5,18.19
bodyy,IEM_Melbourne_2025,125,2270.8,21.11
bodyy,PGL_Bucharest_2025,231,2162.77,19.2
bodyy,PGL_Cluj-Napoca_2025,270,2249.63,20.05
bodyy,StarLadder_Budapest_Major_2025,147,2251.7,20.52
bodyy,overall,2297,2246.3,19.79
br0,IEM_Dallas_2025,71,1848.59,19.51
br0,overall,71,1848.59,19.51
brnz4n,ESL_Pro_League_Season_21,166,2062.65,18.52
brnz4n,IEM_Melbourne_2025,168,2171.43,19.71
brnz4n,PGL_Astana_2025,315,2145.24,18.44
brnz4n,overall,649,2130.89,18.79
broky, FISSURE_Playground_2,244,3073.36,23.29
broky,BLAST_Open_Lisbon_2025,152,3125.66,24.31
broky,BLAST_Open_London _2025_Finals,52,3415.38,24.74
broky,BLAST_Rivals_2025_Season_1,145,3193.79,24.26
broky,ESL_Pro_League_Season_22,352,3086.22,24.01
broky,Esports_World_Cup_2025,55,2881.82,24.48
broky,IEM_Chengdu_2025,98,2365.31,21.17
broky,IEM_Cologne_2025,175,2792.57,22.22
broky,IEM_Katowice_2025,276,3066.85,23.69
broky,IEM_Melbourne_2025,191,3351.57,24.47
broky,PGL_Bucharest_2025,380,3193.55,25.14
broky,PGL_Cluj-Napoca_2025,323,3266.87,25.43
broky,StarLadder_Budapest_Major_2025,317,3031.23,23.97
broky,overall,2760,3096.85,24.1
cadiaN,BLAST_Open_Lisbon_2025,75,1786.67,18.36
cadiaN,IEM_Katowice_2025,143,2167.83,20.41
cadiaN,PGL_Bucharest_2025,287,2236.41,18.49
cadiaN,PGL_Cluj-Napoca_2025,512,2278.81,18.33
cadiaN,overall,1017,2214.95,18.67
cairne,ESL_Pro_League_Season_22,176,2191.19,19.69
cairne,overall,176,2191.19,19.69
cej0t,ESL_Pro_League_Season_21,188,2127.66,19.47
cej0t,IEM_Melbourne_2025,107,2292.06,19.34
cej0t,overall,295,2187.29,19.42
chayJESUS,BLAST_Open_Lisbon_2025,104,1982.21,17.66
chayJESUS,overall,104,1982.21,17.66
chelo,BLAST_Open_Lisbon_2025,128,2231.64,18.17
chelo,ESL_Pro_League_Season_21,272,2334.01,19.97
chelo,IEM_Katowice_2025,102,2124.51,18.61
chelo,PGL_Bucharest_2025,182,1964.01,19.14
chelo,StarLadder_Budapest_Major_2025,106,2041.98,16.94
chelo,overall,790,2165.95,18.91
chopper,BLAST.tv_Austin_Major_2025,167,2088.92,15.96
chopper,BLAST_Bounty_2025_Season_1_Finals,190,2111.32,16.86
chopper,BLAST_Bounty_2025_Season_2_Finals,158,2141.77,16.59
chopper,BLAST_Open_Lisbon_2025,316,2112.5,16.65
chopper,BLAST_Rivals_2025_Season_1,179,1935.47,15.82
chopper,BLAST_Rivals_2025_Season_2,180,2040.28,16.01
chopper,ESL_Pro_League_Season_21,271,2002.58,15.85
chopper,ESL_Pro_League_Season_22,180,1846.67,15.47
chopper,Esports_World_Cup_2025,64,2162.5,17.31
chopper,IEM_Chengdu_2025,238,2039.71,16.18
chopper,IEM_Cologne_2025,312,2056.89,16.5
chopper,IEM_Katowice_2025,363,1882.23,15.69
chopper,PGL_Astana_2025,327,1985.93,16.05
chopper,StarLadder_Budapest_Major_2025,206,2041.02,15.74
chopper,overall,3151,2019.5,16.13
cobrazera,BLAST_Open_Lisbon_2025,86,1932.56,18.55
cobrazera,overall,86,1932.56,18.55
controlez,BLAST_Rivals_2025_Season_2,120,2301.25,19.37
controlez,IEM_Chengdu_2025,290,2312.76,18.61
controlez,StarLadder_Budapest_Major_2025,143,2373.43,20.12
controlez,overall,553,2325.95,19.17
dav1deuS, FISSURE_Playground_2,309,2275.24,19.05
dav1deuS,BLAST.tv_Austin_Major_2025,315,2147.62,18.96
dav1deuS,BLAST_Bounty_2025_Season_1_Finals,78,2437.18,19.15
dav1deuS,BLAST_Rivals_2025_Season_1,100,2065.0,18.77
dav1deuS,BLAST_Rivals_2025_Season_2,209,2110.29,18.3
dav1deuS,ESL_Pro_League_Season_21,194,2186.86,19.36
dav1deuS,IEM_Chengdu_2025,157,2224.2,19.21
dav1deuS,IEM_Melbourne_2025,82,2177.44,20.22
dav1deuS,PGL_Astana_2025,165,2071.82,18.94
dav1deuS,PGL_Bucharest_2025,193,2220.47,19.7
dav1deuS,PGL_Cluj-Napoca_2025,309,2198.71,19.24
dav1deuS,StarLadder_Budapest_Major_2025,127,2235.83,18.93
dav1deuS,overall,2238,2190.77,19.11
dav1g,ESL_Pro_League_Season_22,185,2297.03,19.73
dav1g,overall,185,2297.03,19.73
decenty,BLAST_Open_Lisbon_2025,104,2253.85,21.23
decenty,overall,104,2253.85,21.23
deemO,IEM_Melbourne_2025,82,2117.07,18.77
deemO,PGL_Bucharest_2025,193,2194.3,18.8
deemO,overall,275,2171.27,18.79
degster,BLAST_Open_Lisbon_2025,196,3571.68,26.03
degster,ESL_Pro_League_Season_21,335,3308.21,25.44
degster,IEM_Katowice_2025,104,2950.0,25.4
degster,PGL_Bucharest_2025,422,3215.64,25.04
degster,PGL_Cluj-Napoca_2025,427,3132.44,24.65
degster,overall,1484,3241.0,25.17
device, FISSURE_Playground_2,295,3632.71,26.73
device,BLAST_Bounty_2025_Season_2_Finals,38,3044.74,29.17
device,BLAST_Open_Lisbon_2025,75,2530.0,23.64
device,ESL_Pro_League_Season_22,142,3157.39,25.84
device,Esports_World_Cup_2025,64,3060.94,24.96
device,IEM_Chengdu_2025,234,3231.62,26.1
device,IEM_Cologne_2025,78,3112.18,25.11
device,IEM_Katowice_2025,143,2823.43,25.06
device,PGL_Astana_2025,432,3195.6,25.49
device,PGL_Bucharest_2025,287,3143.9,25.0
device,PGL_Cluj-Napoca_2025,512,3303.52,25.4
device,overall,2300,3216.63,25.6
dexter,PGL_Cluj-Napoca_2025,164,2004.88,17.58
dexter,overall,164,2004.88,17.58
dgt, FISSURE_Playground_2,309,2390.94,20.66
dgt,BLAST.tv_Austin_Major_2025,315,2272.7,20.08
dgt,BLAST_Rivals_2025_Season_1,100,2241.0,20.67
dgt,BLAST_Rivals_2025_Season_2,209,2242.58,19.69
dgt,IEM_Chengdu_2025,157,2272.93,19.73
dgt,PGL_Astana_2025,88,2328.41,21.63
dgt,StarLadder_Budapest_Major_2025,127,2349.21,19.98
dgt,overall,1305,2304.67,20.25
donk,BLAST.tv_Austin_Major_2025,167,2520.96,21.2
donk,BLAST_Bounty_2025_Season_1_Finals,190,2430.26,21.57
donk,BLAST_Bounty_2025_Season_2_Finals,158,2475.0,20.79
donk,BLAST_Open_Lisbon_2025,316,2497.94,21.29
donk,BLAST_Rivals_2025_Season_1,179,2486.87,22.21
donk,BLAST_Rivals_2025_Season_2,180,2470.0,20.95
donk,ESL_Pro_League_Season_21,271,2516.05,21.36
donk,ESL_Pro_League_Season_22,180,2368.06,21.5
donk,Esports_World_Cup_2025,64,2342.19,19.69
donk,IEM_Chengdu_2025,238,2390.76,20.76
donk,IEM_Cologne_2025,312,2465.54,21.4
donk,IEM_Katowice_2025,363,2413.91,21.99
donk,PGL_Astana_2025,327,2411.77,22.15
donk,StarLadder_Budapest_Major_2025,206,2547.82,21.61
donk,overall,3151,2456.01,21.46
drop,PGL_Cluj-Napoca_2025,220,2216.36,19.06
drop,overall,220,2216.36,19.06
dukefissura,ESL_Pro_League_Season_22,186,2179.03,20.35
dukefissura,PGL_Astana_2025,197,2259.9,20.93
dukefissura,overall,383,2220.63,20.65
dumau, FISSURE_Playground_2,189,2238.62,19.25
dumau,BLAST.tv_Austin_Major_2025,174,2195.98,18.76
dumau,IEM_Dallas_2025,120,2229.58,18.74
dumau,PGL_Bucharest_2025,231,2317.32,18.94
dumau,overall,714,2252.17,18.95
electroNic,BLAST.tv_Austin_Major_2025,184,1879.62,17.68
electroNic,BLAST_Bounty_2025_Season_2_Finals,39,1898.72,17.31
electroNic,BLAST_Open_Lisbon_2025,252,2051.98,15.98
electroNic,Esports_World_Cup_2025,59,2022.03,17.4
electroNic,IEM_Katowice_2025,202,1885.4,16.28
electroNic,IEM_Melbourne_2025,108,1848.61,15.38
electroNic,PGL_Astana_2025,316,1958.39,16.24
electroNic,PGL_Bucharest_2025,256,1964.65,16.2
electroNic,PGL_Cluj-Napoca_2025,249,2004.02,16.3
electroNic,overall,1665,1956.52,16.38
esenthial,StarLadder_Budapest_Major_2025,167,2256.89,18.63
esenthial,overall,167,2256.89,18.63
ewjerkz,IEM_Cologne_2025,156,2333.65,19.48
ewjerkz,PGL_Astana_2025,311,2154.02,18.21
ewjerkz,overall,467,2214.03,18.64
exit,ESL_Pro_League_Season_21,166,2076.2,18.79
exit,IEM_Melbourne_2025,168,2169.94,19.13
exit,PGL_Astana_2025,315,2142.54,18.39
exit,PGL_Cluj-Napoca_2025,220,2226.82,18.2
exit,overall,869,2156.5,18.56
fame, FISSURE_Playground_2,251,2227.69,18.68
fame,BLAST.tv_Austin_Major_2025,184,2016.03,18.86
fame,BLAST_Bounty_2025_Season_2_Finals,39,1964.1,18.11
fame,BLAST_Open_Lisbon_2025,252,2311.9,18.48
fame,Esports_World_Cup_2025,59,2144.92,18.85
fame,IEM_Chengdu_2025,194,2202.84,19.4
fame,IEM_Katowice_2025,202,2190.59,19.04
fame,IEM_Melbourne_2025,108,2131.94,17.62
fame,PGL_Astana_2025,316,2213.45,18.86
fame,PGL_Bucharest_2025,256,2167.19,18.26
fame,PGL_Cluj-Napoca_2025,273,2235.71,18.75
fame,overall,2134,2193.32,18.7
flameZ,BLAST.tv_Austin_Major_2025,245,2050.0,17.05
flameZ,BLAST_Bounty_2025_Season_1_Finals,46,2365.22,20.38
flameZ,BLAST_Bounty_2025_Season_2_Finals,108,2164.35,16.91
flameZ,BLAST_Open_Lisbon_2025,282,2106.56,17.5
flameZ,BLAST_Open_London _2025_Finals,142,2167.61,18.32
flameZ,BLAST_Rivals_2025_Season_1,258,2040.89,16.98
flameZ,BLAST_Rivals_2025_Season_2,264,2135.61,17.09
flameZ,ESL_Pro_League_Season_21,297,1990.4,16.8
flameZ,ESL_Pro_League_Season_22,366,2200.55,17.25
flameZ,Esports_World_Cup_2025,214,2040.19,16.52
flameZ,IEM_Chengdu_2025,432,2135.65,17.27
flameZ,IEM_Cologne_2025,168,1971.13,16.24
flameZ,IEM_Dallas_2025,284,2063.56,17.01
flameZ,IEM_Katowice_2025,273,2187.36,17.33
flameZ,IEM_Melbourne_2025,287,2122.3,16.83
flameZ,StarLadder_Budapest_Major_2025,264,2087.69,16.8
flameZ,overall,3930,2103.65,17.11
frontales,ESL_Pro_League_Season_22,186,2934.95,23.69
frontales,overall,186,2934.95,23.69
frozen, FISSURE_Playground_2,244,2345.7,19.53
frozen,BLAST.tv_Austin_Major_2025,149,2228.52,19.49
frozen,BLAST_Open_Lisbon_2025,152,2237.5,18.9
frozen,BLAST_Open_London _2025_Finals,52,2364.42,19.09
frozen,BLAST_Rivals_2025_Season_1,145,2259.31,19.24
frozen,ESL_Pro_League_Season_22,352,2246.73,19.81
frozen,Esports_World_Cup_2025,55,2039.09,19.02
frozen,IEM_Chengdu_2025,98,2054.08,20.75
frozen,IEM_Cologne_2025,175,2275.14,20.31
frozen,IEM_Dallas_2025,158,2220.89,19.01
frozen,IEM_Katowice_2025,276,2340.94,20.22
frozen,IEM_Melbourne_2025,191,2412.57,19.17
frozen,PGL_Bucharest_2025,380,2225.53,18.8
frozen,PGL_Cluj-Napoca_2025,323,2263.93,18.78
frozen,StarLadder_Budapest_Major_2025,317,2310.25,19.63
frozen,overall,3067,2270.82,19.44
gr1ks,IEM_Cologne_2025,87,2814.94,22.87
gr1ks,overall,87,2814.94,22.87
hades,BLAST.tv_Austin_Major_2025,206,3370.63,25.27
hades,IEM_Dallas_2025,209,3086.84,24.58
hades,PGL_Astana_2025,276,3255.43,25.39
hades,overall,691,3238.78,25.11
hallzerk,BLAST_Rivals_2025_Season_2,162,3072.53,23.66
hallzerk,IEM_Melbourne_2025,167,3090.42,25.0
hallzerk,PGL_Bucharest_2025,362,3139.78,24.62
hallzerk,PGL_Cluj-Napoca_2025,168,3192.86,24.71
hallzerk,StarLadder_Budapest_Major_2025,178,2901.97,23.13
hallzerk,overall,1037,3089.1,24.29
headtr1ck,StarLadder_Budapest_Major_2025,167,3170.36,24.96
headtr1ck,overall,167,3170.36,24.96
herworld,PGL_Bucharest_2025,24,3395.83,25.49
herworld,overall,24,3395.83,25.49
hfah,PGL_Bucharest_2025,213,2112.68,18.25
hfah,overall,213,2112.68,18.25
huNter-, FISSURE_Playground_2,239,2269.46,17.98
huNter-,BLAST.tv_Austin_Major_2025,206,2269.66,18.42
huNter-,BLAST_Bounty_2025_Season_1_Finals,100,2193.5,18.04
huNter-,BLAST_Open_Lisbon_2025,215,2223.72,19.55
huNter-,BLAST_Open_London _2025_Finals,189,2300.0,18.76
huNter-,ESL_Pro_League_Season_21,305,2140.33,18.31
huNter-,ESL_Pro_League_Season_22,175,2133.14,18.27
huNter-,Esports_World_Cup_2025,42,2129.76,20.49
huNter-,IEM_Chengdu_2025,162,2239.2,17.54
huNter-,IEM_Cologne_2025,175,2110.57,17.79
huNter-,IEM_Dallas_2025,209,2130.86,18.71
huNter-,IEM_Katowice_2025,191,2222.25,18.47
huNter-,PGL_Bucharest_2025,309,2216.83,18.32
huNter-,StarLadder_Budapest_Major_2025,181,2065.75,18.52
huNter-,overall,2698,2193.64,18.42
hyped,IEM_Katowice_2025,108,3104.17,24.87
hyped,IEM_Melbourne_2025,115,3132.61,24.45
hyped,PGL_Astana_2025,188,3030.05,24.06
hyped,PGL_Cluj-Napoca_2025,238,3041.18,23.99
hyped,overall,649,3064.64,24.24
hypex,ESL_Pro_League_Season_22,135,2865.56,24.35
hypex,PGL_Bucharest_2025,213,3119.25,25.11
hypex,overall,348,3020.83,24.82
iM,BLAST.tv_Austin_Major_2025,216,2300.0,20.47
iM,BLAST_Bounty_2025_Season_1_Finals,142,2432.39,19.83
iM,BLAST_Open_Lisbon_2025,191,2158.9,19.36
iM,ESL_Pro_League_Season_21,242,2157.64,19.38
iM,ESL_Pro_League_Season_22,312,2277.24,19.47
iM,Esports_World_Cup_2025,69,2283.33,19.66
iM,IEM_Chengdu_2025,143,2287.06,19.64
iM,IEM_Cologne_2025,336,2315.33,19.83
iM,IEM_Katowice_2025,198,2329.8,19.62
iM,IEM_Melbourne_2025,251,2196.61,19.54
iM,PGL_Astana_2025,245,2174.49,18.77
iM,StarLadder_Budapest_Major_2025,276,2281.34,19.19
iM,overall,2621,2260.51,19.54
ianras,PGL_Bucharest_2025,24,2072.92,16.62
ianras,overall,24,2072.92,16.62
insani,ESL_Pro_League_Season_21,166,2169.58,19.46
insani,IEM_Melbourne_2025,168,2163.99,18.58
insani,PGL_Astana_2025,315,2223.02,19.58
insani,PGL_Cluj-Napoca_2025,220,2305.45,19.34
insani,overall,869,2222.27,19.3
jL,BLAST.tv_Austin_Major_2025,216,2213.66,19.24
jL,BLAST_Bounty_2025_Season_1_Finals,142,2399.65,19.02
jL,BLAST_Open_Lisbon_2025,191,2098.69,19.08
jL,ESL_Pro_League_Season_21,242,2088.84,19.01
jL,IEM_Katowice_2025,198,2224.49,18.82
jL,IEM_Melbourne_2025,251,2199.2,19.55
jL,PGL_Astana_2025,245,2216.33,19.31
jL,overall,1485,2195.76,19.17
jabbi, FISSURE_Playground_2,295,2400.51,18.47
jabbi,BLAST_Bounty_2025_Season_2_Finals,38,1967.11,18.58
jabbi,BLAST_Open_Lisbon_2025,75,1799.33,18.22
jabbi,ESL_Pro_League_Season_22,142,2083.45,18.86
jabbi,Esports_World_Cup_2025,64,2160.16,20.18
jabbi,IEM_Chengdu_2025,234,2181.62,18.6
jabbi,IEM_Cologne_2025,78,2071.15,18.31
jabbi,IEM_Katowice_2025,143,1941.96,17.45
jabbi,PGL_Astana_2025,432,2194.91,18.49
jabbi,PGL_Bucharest_2025,287,2163.24,17.82
jabbi,PGL_Cluj-Napoca_2025,512,2239.16,18.24
jabbi,overall,2300,2181.39,18.35
jcobbb, FISSURE_Playground_2,244,2374.59,19.56
jcobbb,BLAST_Open_London _2025_Finals,52,2392.31,19.75
jcobbb,IEM_Chengdu_2025,98,2006.12,20.32
jcobbb,PGL_Bucharest_2025,213,2224.41,19.79
jcobbb,StarLadder_Budapest_Major_2025,317,2239.43,19.09
jcobbb,overall,924,2255.52,19.54
jks,BLAST_Open_Lisbon_2025,140,2065.0,18.76
jks,ESL_Pro_League_Season_21,327,2206.88,18.76
jks,IEM_Katowice_2025,152,2167.76,18.54
jks,overall,619,2165.19,18.71
jottAAA, FISSURE_Playground_2,196,2390.82,18.33
jottAAA,BLAST.tv_Austin_Major_2025,121,2054.96,18.12
jottAAA,BLAST_Bounty_2025_Season_1_Finals,201,2200.5,18.72
jottAAA,BLAST_Bounty_2025_Season_2_Finals,53,2290.57,18.96
jottAAA,BLAST_Open_Lisbon_2025,173,2219.36,18.47
jottAAA,ESL_Pro_League_Season_21,334,2310.18,19.15
jottAAA,ESL_Pro_League_Season_22,274,2301.09,18.77
jottAAA,Esports_World_Cup_2025,211,2133.89,18.2
jottAAA,IEM_Cologne_2025,139,2351.08,19.67
jottAAA,IEM_Dallas_2025,242,2133.68,18.63
jottAAA,IEM_Katowice_2025,305,2375.25,18.76
jottAAA,PGL_Astana_2025,465,2227.53,18.77
jottAAA,PGL_Bucharest_2025,313,2191.53,17.82
jottAAA,PGL_Cluj-Napoca_2025,267,2181.84,18.54
jottAAA,overall,3294,2243.21,18.62
kade0,ESL_Pro_League_Season_22,186,1899.73,17.12
kade0,PGL_Astana_2025,197,1986.55,17.48
kade0,overall,383,1944.39,17.3
karrigan, FISSURE_Playground_2,244,2206.76,18.33
karrigan,BLAST.tv_Austin_Major_2025,149,1977.52,17.08
karrigan,BLAST_Open_Lisbon_2025,152,2134.21,18.07
karrigan,BLAST_Open_London _2025_Finals,52,2317.31,18.41
karrigan,BLAST_Rivals_2025_Season_1,145,2151.72,17.91
karrigan,ESL_Pro_League_Season_22,352,2099.72,17.69
karrigan,Esports_World_Cup_2025,55,1923.64,17.94
karrigan,IEM_Chengdu_2025,98,1859.18,18.22
karrigan,IEM_Cologne_2025,175,2022.29,17.23
karrigan,IEM_Dallas_2025,158,2166.77,18.46
karrigan,IEM_Katowice_2025,276,2138.59,18.09
karrigan,IEM_Melbourne_2025,191,2367.8,18.4
karrigan,PGL_Bucharest_2025,380,2195.13,18.53
karrigan,PGL_Cluj-Napoca_2025,323,2147.37,17.69
karrigan,StarLadder_Budapest_Major_2025,317,2066.4,17.72
karrigan,overall,3067,2131.94,17.98
kauez,BLAST_Bounty_2025_Season_1_Finals,78,2282.69,17.97
kauez,ESL_Pro_League_Season_21,194,2173.97,18.98
kauez,PGL_Cluj-Napoca_2025,309,2138.35,18.91
kauez,overall,581,2169.62,18.8
kaze,PGL_Bucharest_2025,147,2480.61,22.06
kaze,overall,147,2480.61,22.06
kensizor,StarLadder_Budapest_Major_2025,167,2184.13,18.91
kensizor,overall,167,2184.13,18.91
khaN,BLAST.tv_Austin_Major_2025,101,2956.44,24.56
khaN,overall,101,2956.44,24.56
ksloks,PGL_Astana_2025,240,2225.42,20.32
ksloks,overall,240,2225.42,20.32
kyousuke, FISSURE_Playground_2,202,2550.74,19.45
kyousuke,BLAST_Rivals_2025_Season_2,253,2526.88,20.28
kyousuke,ESL_Pro_League_Season_22,326,2366.56,19.44
kyousuke,Esports_World_Cup_2025,202,2277.72,20.16
kyousuke,IEM_Chengdu_2025,227,2418.28,20.07
kyousuke,IEM_Cologne_2025,151,2464.24,21.06
kyousuke,StarLadder_Budapest_Major_2025,228,2371.05,20.79
kyousuke,overall,1589,2421.52,20.1
kyuubii,IEM_Katowice_2025,108,2072.22,18.45
kyuubii,IEM_Melbourne_2025,115,2098.26,18.36
kyuubii,PGL_Astana_2025,188,2067.55,18.41
kyuubii,PGL_Cluj-Napoca_2025,238,2065.13,18.46
kyuubii,overall,649,2072.88,18.43
kyxsan, FISSURE_Playground_2,202,2290.35,17.0
kyxsan,BLAST_Open_Lisbon_2025,196,2251.53,16.71
kyxsan,BLAST_Rivals_2025_Season_1,266,2013.16,17.31
kyxsan,BLAST_Rivals_2025_Season_2,253,2146.05,16.47
kyxsan,ESL_Pro_League_Season_21,335,2122.99,17.5
kyxsan,ESL_Pro_League_Season_22,326,2170.86,17.07
kyxsan,Esports_World_Cup_2025,202,1974.5,17.07
kyxsan,IEM_Chengdu_2025,227,2102.86,16.79
kyxsan,IEM_Cologne_2025,151,2126.49,17.22
kyxsan,IEM_Dallas_2025,276,1984.96,17.0
kyxsan,IEM_Katowice_2025,104,1849.52,17.16
kyxsan,IEM_Melbourne_2025,354,2093.5,16.76
kyxsan,PGL_Bucharest_2025,422,2078.08,17.37
kyxsan,PGL_Cluj-Napoca_2025,427,2023.3,16.98
kyxsan,StarLadder_Budapest_Major_2025,228,2006.14,16.63
kyxsan,overall,3969,2085.71,17.02
lampada,PGL_Astana_2025,197,2044.42,18.62
lampada,overall,197,2044.42,18.62
latto, FISSURE_Playground_2,189,2211.64,18.38
latto,BLAST.tv_Austin_Major_2025,174,2286.49,19.84
latto,IEM_Dallas_2025,120,2299.17,19.01
latto,PGL_Bucharest_2025,231,2286.8,18.72
latto,overall,714,2268.91,18.95
lux, FISSURE_Playground_2,189,2249.21,19.5
lux,BLAST.tv_Austin_Major_2025,174,2222.41,18.72
lux,IEM_Dallas_2025,120,2257.92,18.93
lux,PGL_Bucharest_2025,231,2337.01,20.23
lux,overall,714,2272.55,19.45
m0NESY, FISSURE_Playground_2,202,3628.47,25.85
m0NESY,BLAST_Bounty_2025_Season_1_Finals,100,3268.0,26.4
m0NESY,BLAST_Open_Lisbon_2025,215,2946.74,24.51
m0NESY,BLAST_Rivals_2025_Season_1,266,3114.66,24.91
m0NESY,BLAST_Rivals_2025_Season_2,253,3319.17,25.2
m0NESY,ESL_Pro_League_Season_21,305,3084.59,25.62
m0NESY,ESL_Pro_League_Season_22,326,3430.06,26.65
m0NESY,Esports_World_Cup_2025,202,2938.61,24.79
m0NESY,IEM_Chengdu_2025,227,3301.76,25.6
m0NESY,IEM_Cologne_2025,151,3237.75,24.69
m0NESY,IEM_Dallas_2025,276,3021.56,24.48
m0NESY,IEM_Katowice_2025,191,3202.88,26.39
m0NESY,IEM_Melbourne_2025,354,3266.24,25.41
m0NESY,PGL_Bucharest_2025,309,3388.03,26.51
m0NESY,StarLadder_Budapest_Major_2025,228,3071.49,24.92
m0NESY,overall,3605,3218.22,25.48
maden,BLAST_Bounty_2025_Season_1_Finals,40,2007.5,19.36
maden,overall,40,2007.5,19.36
magixx,BLAST.tv_Austin_Major_2025,167,2253.29,17.69
magixx,BLAST_Bounty_2025_Season_1_Finals,190,2209.47,18.0
magixx,BLAST_Open_Lisbon_2025,316,2179.27,17.19
magixx,BLAST_Rivals_2025_Season_1,179,2184.92,17.91
magixx,ESL_Pro_League_Season_21,271,2292.8,18.65
magixx,IEM_Katowice_2025,363,2138.29,17.94
magixx,PGL_Astana_2025,327,2151.38,17.79
magixx,overall,1813,2193.55,17.87
makazze,ESL_Pro_League_Season_22,312,2167.47,17.84
makazze,Esports_World_Cup_2025,69,2226.81,19.43
makazze,IEM_Chengdu_2025,143,2192.31,18.02
makazze,IEM_Cologne_2025,336,2200.89,18.47
makazze,StarLadder_Budapest_Major_2025,276,2195.65,18.55
makazze,overall,1136,2190.93,18.32
malbsMd, FISSURE_Playground_2,239,2286.4,18.48
malbsMd,BLAST.tv_Austin_Major_2025,206,2287.62,18.51
malbsMd,BLAST_Bounty_2025_Season_1_Finals,100,2251.5,19.04
malbsMd,BLAST_Open_Lisbon_2025,215,2169.3,19.03
malbsMd,BLAST_Open_London _2025_Finals,189,2313.23,19.01
malbsMd,ESL_Pro_League_Season_21,305,2215.74,19.17
malbsMd,ESL_Pro_League_Season_22,175,2128.0,18.42
malbsMd,Esports_World_Cup_2025,42,2064.29,20.13
malbsMd,IEM_Chengdu_2025,203,2276.85,18.96
malbsMd,IEM_Cologne_2025,175,2218.29,19.96
malbsMd,IEM_Dallas_2025,209,2141.87,19.15
malbsMd,IEM_Katowice_2025,191,2196.07,18.78
malbsMd,PGL_Astana_2025,276,2312.5,20.54
malbsMd,PGL_Bucharest_2025,309,2261.49,19.13
malbsMd,StarLadder_Budapest_Major_2025,181,2089.5,18.84
malbsMd,overall,3015,2226.9,19.12
matios,PGL_Astana_2025,240,1986.46,17.72
matios,overall,240,1986.46,17.72
mezii,BLAST.tv_Austin_Major_2025,245,2196.33,18.35
mezii,BLAST_Bounty_2025_Season_1_Finals,46,2291.3,19.76
mezii,BLAST_Bounty_2025_Season_2_Finals,108,2425.46,19.98
mezii,BLAST_Open_Lisbon_2025,282,2198.4,18.44
mezii,BLAST_Open_London _2025_Finals,142,2222.54,19.09
mezii,BLAST_Rivals_2025_Season_1,258,2157.56,18.49
mezii,BLAST_Rivals_2025_Season_2,264,2266.29,18.55
mezii,ESL_Pro_League_Season_21,297,2284.18,19.58
mezii,ESL_Pro_League_Season_22,366,2303.83,18.65
mezii,Esports_World_Cup_2025,214,2229.67,18.38
mezii,IEM_Chengdu_2025,432,2240.86,18.64
mezii,IEM_Cologne_2025,168,2330.06,19.82
mezii,IEM_Dallas_2025,284,2209.15,18.86
mezii,IEM_Katowice_2025,273,2339.74,18.57
mezii,IEM_Melbourne_2025,287,2283.8,18.65
mezii,StarLadder_Budapest_Major_2025,264,2302.08,19.24
mezii,overall,3930,2260.45,18.82
mir,IEM_Katowice_2025,37,1931.08,19.05
mir,overall,37,1931.08,19.05
mizu,ESL_Pro_League_Season_22,186,2067.74,18.34
mizu,PGL_Astana_2025,197,2026.4,18.28
mizu,overall,383,2046.48,18.31
molodoy, FISSURE_Playground_2,409,3557.33,26.34
molodoy,BLAST.tv_Austin_Major_2025,146,3308.56,26.04
molodoy,BLAST_Open_London _2025_Finals,36,2925.0,28.37
molodoy,BLAST_Rivals_2025_Season_2,285,3421.58,26.55
molodoy,ESL_Pro_League_Season_22,243,3348.35,26.32
molodoy,IEM_Chengdu_2025,307,3619.71,27.91
molodoy,IEM_Cologne_2025,272,3536.76,26.67
molodoy,IEM_Dallas_2025,144,3224.31,27.74
molodoy,PGL_Astana_2025,391,3256.01,26.51
molodoy,StarLadder_Budapest_Major_2025,138,3335.14,27.17
molodoy,overall,2371,3417.55,26.78
mopoz,ESL_Pro_League_Season_22,185,2095.14,18.04
mopoz,overall,185,2095.14,18.04
mzinho, FISSURE_Playground_2,460,2292.28,17.99
mzinho,BLAST.tv_Austin_Major_2025,313,2208.47,17.66
mzinho,BLAST_Bounty_2025_Season_2_Finals,168,2238.99,17.31
mzinho,BLAST_Open_Lisbon_2025,209,2211.0,17.96
mzinho,BLAST_Rivals_2025_Season_2,120,2222.08,18.64
mzinho,ESL_Pro_League_Season_21,305,2209.51,17.6
mzinho,ESL_Pro_League_Season_22,285,2252.11,17.87
mzinho,Esports_World_Cup_2025,233,2174.68,17.14
mzinho,IEM_Chengdu_2025,290,2292.07,18.71
mzinho,IEM_Cologne_2025,180,2197.78,17.47
mzinho,IEM_Dallas_2025,235,2173.62,18.05
mzinho,IEM_Katowice_2025,249,2143.17,17.86
mzinho,IEM_Melbourne_2025,260,2082.31,18.4
mzinho,PGL_Astana_2025,192,2136.98,17.85
mzinho,PGL_Bucharest_2025,252,2135.32,17.67
mzinho,PGL_Cluj-Napoca_2025,227,2191.63,17.19
mzinho,StarLadder_Budapest_Major_2025,143,2280.42,18.9
mzinho,overall,4121,2206.07,17.88
n0rb3r7,ESL_Pro_League_Season_22,186,2160.75,20.49
n0rb3r7,overall,186,2160.75,20.49
n1ssim, FISSURE_Playground_2,189,2198.68,18.78
n1ssim,BLAST.tv_Austin_Major_2025,174,2272.13,18.78
n1ssim,IEM_Dallas_2025,120,2270.42,19.41
n1ssim,PGL_Bucharest_2025,231,2261.9,18.6
n1ssim,overall,714,2249.09,18.83
nafany,BLAST_Bounty_2025_Season_1_Finals,31,1916.13,19.85
nafany,overall,31,1916.13,19.85
naitte,PGL_Astana_2025,240,2202.29,19.65
naitte,overall,240,2202.29,19.65
nawwk,IEM_Dallas_2025,84,2864.88,23.56
nawwk,overall,84,2864.88,23.56
nettik,BLAST_Rivals_2025_Season_1,101,2119.31,18.85
nettik,IEM_Melbourne_2025,142,1940.49,18.89
nettik,overall,243,2014.81,18.88
nexa,IEM_Dallas_2025,84,2067.26,18.49
nexa,overall,84,2067.26,18.49
nicx,BLAST_Rivals_2025_Season_2,162,2103.09,17.59
nicx,IEM_Melbourne_2025,167,2095.21,17.77
nicx,PGL_Bucharest_2025,362,2172.79,18.39
nicx,PGL_Cluj-Napoca_2025,168,2244.05,18.9
nicx,StarLadder_Budapest_Major_2025,178,2061.24,17.97
nicx,overall,1037,2141.8,18.18
nifee,ESL_Pro_League_Season_22,176,2132.1,18.74
nifee,overall,176,2132.1,18.74
nilo, FISSURE_Playground_2,215,2381.16,19.05
nilo,Esports_World_Cup_2025,108,2277.31,19.65
nilo,IEM_Chengdu_2025,195,2202.05,19.06
nilo,IEM_Cologne_2025,87,2135.06,20.26
nilo,overall,605,2269.5,19.34
nin9,BLAST_Open_Lisbon_2025,86,2547.09,22.07
nin9,overall,86,2547.09,22.07
nitr0,IEM_Dallas_2025,71,1917.61,19.78
nitr0,overall,71,1917.61,19.78
nota,StarLadder_Budapest_Major_2025,119,2257.98,19.93
nota,overall,119,2257.98,19.93
noway,BLAST_Open_Lisbon_2025,104,2093.75,18.83
noway,StarLadder_Budapest_Major_2025,106,2213.21,18.71
noway,overall,210,2154.05,18.77
npl,StarLadder_Budapest_Major_2025,167,2245.81,18.51
npl,overall,167,2245.81,18.51
nqz, FISSURE_Playground_2,309,3213.43,24.69
nqz,BLAST.tv_Austin_Major_2025,315,3192.22,26.34
nqz,BLAST_Bounty_2025_Season_1_Finals,78,3466.67,26.39
nqz,BLAST_Rivals_2025_Season_1,100,3201.5,26.11
nqz,BLAST_Rivals_2025_Season_2,209,3239.95,25.38
nqz,ESL_Pro_League_Season_21,194,3095.88,25.05
nqz,IEM_Chengdu_2025,157,3288.54,25.64
nqz,IEM_Melbourne_2025,82,3285.37,26.85
nqz,PGL_Astana_2025,165,2931.82,25.17
nqz,PGL_Bucharest_2025,193,3272.8,26.06
nqz,PGL_Cluj-Napoca_2025,309,3121.68,25.49
nqz,StarLadder_Budapest_Major_2025,127,3357.48,25.75
nqz,overall,2238,3198.79,25.61
oSee,IEM_Dallas_2025,71,2198.59,21.28
oSee,overall,71,2198.59,21.28
onic,ESL_Pro_League_Season_22,176,1856.82,17.13
onic,overall,176,1856.82,17.13
pancc,PGL_Astana_2025,240,2108.54,18.5
pancc,overall,240,2108.54,18.5
phzy,BLAST_Rivals_2025_Season_1,115,2735.65,25.17
phzy,PGL_Cluj-Napoca_2025,215,3349.53,26.41
phzy,overall,330,3135.61,25.98
pr1metapz,IEM_Dallas_2025,84,2148.81,19.89
pr1metapz,overall,84,2148.81,19.89
r1nkle,IEM_Cologne_2025,156,3243.91,25.46
r1nkle,PGL_Astana_2025,311,3258.52,26.67
r1nkle,overall,467,3253.64,26.26
rain, FISSURE_Playground_2,244,2345.29,19.28
rain,BLAST.tv_Austin_Major_2025,149,2170.81,18.18
rain,BLAST_Open_Lisbon_2025,152,2251.97,18.75
rain,BLAST_Open_London _2025_Finals,52,2310.58,18.01
rain,BLAST_Rivals_2025_Season_1,145,2246.55,18.95
rain,ESL_Pro_League_Season_22,352,2224.72,19.21
rain,Esports_World_Cup_2025,55,1960.0,17.86
rain,IEM_Cologne_2025,175,2256.29,19.99
rain,IEM_Katowice_2025,276,2265.76,18.6
rain,IEM_Melbourne_2025,191,2359.95,18.58
rain,PGL_Bucharest_2025,380,2184.47,18.09
rain,PGL_Cluj-Napoca_2025,323,2253.41,18.69
rain,overall,2494,2246.87,18.76
reck,BLAST_Open_Lisbon_2025,189,2080.16,18.58
reck,PGL_Astana_2025,173,1967.34,18.49
reck,overall,362,2026.24,18.54
regali,BLAST_Rivals_2025_Season_1,101,2947.03,24.33
regali,IEM_Melbourne_2025,142,3006.69,27.02
regali,PGL_Cluj-Napoca_2025,164,3096.34,25.38
regali,overall,407,3028.01,25.69
rikz,IEM_Melbourne_2025,82,1800.0,15.46
rikz,PGL_Astana_2025,77,1952.6,17.45
rikz,overall,159,1873.9,16.42
riskyb0b,BLAST.tv_Austin_Major_2025,101,2189.11,20.04
riskyb0b,overall,101,2189.11,20.04
roman,PGL_Cluj-Napoca_2025,291,2156.53,18.6
roman,overall,291,2156.53,18.6
ropz,BLAST.tv_Austin_Major_2025,245,2378.37,20.34
ropz,BLAST_Bounty_2025_Season_1_Finals,46,2353.26,19.69
ropz,BLAST_Bounty_2025_Season_2_Finals,108,2485.65,21.0
ropz,BLAST_Open_Lisbon_2025,282,2309.04,19.62
ropz,BLAST_Open_London _2025_Finals,142,2317.61,20.05
ropz,BLAST_Rivals_2025_Season_1,258,2346.71,20.54
ropz,BLAST_Rivals_2025_Season_2,264,2405.68,20.55
ropz,ESL_Pro_League_Season_21,297,2333.67,19.85
ropz,ESL_Pro_League_Season_22,366,2452.32,20.34
ropz,Esports_World_Cup_2025,214,2401.87,20.52
ropz,IEM_Chengdu_2025,432,2377.78,20.22
ropz,IEM_Cologne_2025,168,2383.93,20.57
ropz,IEM_Dallas_2025,284,2330.99,20.1
ropz,IEM_Katowice_2025,273,2477.11,20.46
ropz,IEM_Melbourne_2025,287,2417.77,20.19
ropz,StarLadder_Budapest_Major_2025,264,2440.53,20.69
ropz,overall,3930,2389.06,20.29
s1mple,BLAST.tv_Austin_Major_2025,149,3096.31,25.6
s1mple,IEM_Dallas_2025,158,3192.09,25.99
s1mple,overall,307,3145.6,25.8
s1n,BLAST_Open_Lisbon_2025,189,2025.4,17.22
s1n,BLAST_Open_London _2025_Finals,61,1946.72,17.08
s1n,PGL_Astana_2025,173,1919.65,17.39
s1n,overall,423,1970.8,17.27
s1ren,BLAST_Bounty_2025_Season_1_Finals,31,2046.77,21.71
s1ren,overall,31,2046.77,21.71
sAw,IEM_Chengdu_2025,41,1771.95,14.9
sAw,overall,41,1771.95,14.9
saadzin, FISSURE_Playground_2,189,3030.42,24.09
saadzin,BLAST.tv_Austin_Major_2025,174,3147.13,23.9
saadzin,IEM_Dallas_2025,120,3099.58,23.91
saadzin,PGL_Bucharest_2025,231,3124.46,23.5
saadzin,overall,714,3100.91,23.82
saffee,ESL_Pro_League_Season_21,166,2750.0,22.52
saffee,IEM_Melbourne_2025,168,2848.81,22.73
saffee,PGL_Astana_2025,315,2992.06,23.61
saffee,PGL_Cluj-Napoca_2025,220,3125.45,23.89
saffee,overall,869,2951.9,23.3
sausoL,ESL_Pro_League_Season_22,185,2244.05,20.18
sausoL,overall,185,2244.05,20.18
sh1ro,BLAST.tv_Austin_Major_2025,167,3637.13,27.02
sh1ro,BLAST_Bounty_2025_Season_1_Finals,190,3296.84,25.71
sh1ro,BLAST_Bounty_2025_Season_2_Finals,158,3405.7,25.32
sh1ro,BLAST_Open_Lisbon_2025,316,3388.13,25.49
sh1ro,BLAST_Rivals_2025_Season_1,179,3205.31,24.76
sh1ro,BLAST_Rivals_2025_Season_2,180,3432.5,25.87
sh1ro,ESL_Pro_League_Season_21,271,3316.97,25.45
sh1ro,ESL_Pro_League_Season_22,180,3126.67,25.84
sh1ro,Esports_World_Cup_2025,64,3271.09,24.81
sh1ro,IEM_Chengdu_2025,238,3401.89,26.52
sh1ro,IEM_Cologne_2025,312,3373.24,25.5
sh1ro,IEM_Katowice_2025,363,3236.64,26.17
sh1ro,PGL_Astana_2025,327,3264.83,25.43
sh1ro,StarLadder_Budapest_Major_2025,206,3471.36,25.54
sh1ro,overall,3151,3340.18,25.71
siuhy, FISSURE_Playground_2,346,2239.31,18.05
siuhy,BLAST.tv_Austin_Major_2025,117,2229.49,18.06
siuhy,BLAST_Bounty_2025_Season_2_Finals,64,2366.41,17.9
siuhy,Esports_World_Cup_2025,59,2315.25,16.79
siuhy,IEM_Cologne_2025,75,1798.0,16.95
siuhy,IEM_Dallas_2025,124,1914.52,17.42
siuhy,IEM_Melbourne_2025,269,2105.02,17.9
siuhy,PGL_Bucharest_2025,130,2256.54,19.09
siuhy,StarLadder_Budapest_Major_2025,90,2220.56,18.77
siuhy,overall,1274,2162.79,17.98
sjuush,IEM_Cologne_2025,156,2301.92,18.69
sjuush,PGL_Astana_2025,311,2309.97,19.67
sjuush,overall,467,2307.28,19.35
skullz,BLAST_Open_Lisbon_2025,128,2263.67,18.69
skullz,ESL_Pro_League_Season_21,272,2208.09,18.6
skullz,IEM_Dallas_2025,158,2088.61,17.71
skullz,IEM_Katowice_2025,102,2045.59,18.36
skullz,PGL_Bucharest_2025,182,1956.87,18.64
skullz,StarLadder_Budapest_Major_2025,106,2136.32,17.73
skullz,overall,948,2121.94,18.35
sl3nd,ESL_Pro_League_Season_21,299,3167.89,25.27
sl3nd,IEM_Katowice_2025,187,2936.9,24.51
sl3nd,IEM_Melbourne_2025,235,3159.57,24.85
sl3nd,PGL_Astana_2025,153,2810.46,22.98
sl3nd,PGL_Bucharest_2025,252,3234.52,25.58
sl3nd,overall,1126,3094.14,24.81
slaxz-,BLAST_Open_Lisbon_2025,189,2979.37,24.85
slaxz-,BLAST_Open_London _2025_Finals,61,2801.64,24.33
slaxz-,PGL_Astana_2025,173,3004.91,26.06
slaxz-,overall,423,2964.18,25.27
snow, FISSURE_Playground_2,309,2219.42,18.15
snow,BLAST.tv_Austin_Major_2025,315,2051.11,17.5
snow,BLAST_Bounty_2025_Season_1_Finals,78,2348.72,18.13
snow,BLAST_Rivals_2025_Season_1,100,2039.0,17.43
snow,BLAST_Rivals_2025_Season_2,209,2107.66,18.12
snow,ESL_Pro_League_Season_21,194,2126.8,18.45
snow,IEM_Chengdu_2025,157,2094.9,17.53
snow,IEM_Melbourne_2025,82,2049.39,18.71
snow,PGL_Astana_2025,165,2056.36,17.91
snow,PGL_Bucharest_2025,193,2175.39,18.54
snow,PGL_Cluj-Napoca_2025,309,2144.66,18.5
snow,StarLadder_Budapest_Major_2025,127,2157.87,17.0
snow,overall,2238,2129.11,18.03
stanislaw,BLAST_Rivals_2025_Season_1,115,1683.48,16.05
stanislaw,PGL_Cluj-Napoca_2025,215,1896.74,15.84
stanislaw,overall,330,1822.42,15.91
stavn,BLAST_Bounty_2025_Season_2_Finals,38,2009.21,19.04
stavn,BLAST_Open_Lisbon_2025,75,2008.0,20.86
stavn,Esports_World_Cup_2025,64,2151.56,19.32
stavn,IEM_Cologne_2025,78,2230.13,19.99
stavn,IEM_Katowice_2025,143,2064.34,19.05
stavn,PGL_Astana_2025,432,2328.01,20.21
stavn,PGL_Bucharest_2025,287,2277.7,19.7
stavn,PGL_Cluj-Napoca_2025,512,2352.64,19.55
stavn,overall,1629,2269.95,19.77
story,ESL_Pro_League_Season_21,188,2866.49,23.34
story,IEM_Melbourne_2025,107,3178.5,24.12
story,PGL_Cluj-Napoca_2025,291,3148.97,24.27
story,overall,586,3063.74,23.94
susp,BLAST_Rivals_2025_Season_1,115,1966.09,20.03
susp,PGL_Cluj-Napoca_2025,215,2272.33,19.85
susp,overall,330,2165.61,19.91
tN1R,BLAST_Rivals_2025_Season_2,111,2452.25,19.01
tN1R,ESL_Pro_League_Season_22,180,2211.39,18.6
tN1R,Esports_World_Cup_2025,108,2419.91,21.22
tN1R,IEM_Chengdu_2025,238,2226.68,18.5
tN1R,IEM_Cologne_2025,87,2144.83,19.97
tN1R,IEM_Dallas_2025,262,2368.89,19.86
tN1R,StarLadder_Budapest_Major_2025,206,2336.65,18.54
tN1R,overall,1192,2307.17,19.22
tN1r,BLAST_Rivals_2025_Season_2,69,2213.77,19.16
tN1r,overall,69,2213.77,19.16
tO0RO, FISSURE_Playground_2,251,2124.1,18.19
tO0RO,IEM_Chengdu_2025,194,2069.85,17.68
tO0RO,overall,445,2100.45,17.97
tabseN,IEM_Katowice_2025,108,1851.39,15.8
tabseN,IEM_Melbourne_2025,115,2060.0,17.26
tabseN,PGL_Astana_2025,188,1923.14,16.88
tabseN,PGL_Cluj-Napoca_2025,238,1907.98,16.6
tabseN,overall,649,1929.89,16.67
tory,PGL_Cluj-Napoca_2025,101,1763.86,18.63
tory,overall,101,1763.86,18.63
torzsi,BLAST.tv_Austin_Major_2025,404,3258.79,25.17
torzsi,BLAST_Bounty_2025_Season_2_Finals,86,3208.14,24.22
torzsi,BLAST_Open_Lisbon_2025,372,3365.46,25.46
torzsi,BLAST_Open_London _2025_Finals,102,3256.37,24.32
torzsi,BLAST_Rivals_2025_Season_1,212,3356.37,25.16
torzsi,ESL_Pro_League_Season_21,393,3145.17,24.66
torzsi,ESL_Pro_League_Season_22,336,3271.43,24.36
torzsi,Esports_World_Cup_2025,122,3140.57,24.83
torzsi,IEM_Chengdu_2025,323,3330.5,24.4
torzsi,IEM_Cologne_2025,363,3405.79,25.5
torzsi,IEM_Dallas_2025,240,3324.79,24.97
torzsi,IEM_Katowice_2025,86,2873.26,25.21
torzsi,IEM_Melbourne_2025,187,3302.67,24.92
torzsi,PGL_Cluj-Napoca_2025,463,3263.61,24.59
torzsi,StarLadder_Budapest_Major_2025,219,3302.28,25.88
torzsi,overall,3908,3279.29,24.94
try,BLAST_Open_Lisbon_2025,104,2950.48,25.39
try,StarLadder_Budapest_Major_2025,106,3478.3,29.02
try,overall,210,3216.9,27.22
twenty3,PGL_Cluj-Napoca_2025,101,1698.02,18.47
twenty3,overall,101,1698.02,18.47
ultimate, FISSURE_Playground_2,346,3093.35,24.18
ultimate,BLAST.tv_Austin_Major_2025,117,3298.29,25.56
ultimate,BLAST_Bounty_2025_Season_2_Finals,64,3511.72,24.13
ultimate,BLAST_Open_Lisbon_2025,140,2762.5,23.05
ultimate,ESL_Pro_League_Season_21,327,2982.11,23.81
ultimate,Esports_World_Cup_2025,59,3757.63,26.56
ultimate,IEM_Cologne_2025,75,2650.0,23.42
ultimate,IEM_Dallas_2025,124,2756.85,23.75
ultimate,IEM_Katowice_2025,152,3052.63,24.82
ultimate,IEM_Melbourne_2025,269,2998.14,24.22
ultimate,PGL_Bucharest_2025,130,2893.46,22.87
ultimate,StarLadder_Budapest_Major_2025,90,2958.33,23.75
ultimate,overall,1893,3020.63,24.08
w0nderful,BLAST.tv_Austin_Major_2025,216,3100.93,25.07
w0nderful,BLAST_Bounty_2025_Season_1_Finals,142,3300.7,25.82
w0nderful,BLAST_Open_Lisbon_2025,191,3051.83,26.61
w0nderful,ESL_Pro_League_Season_21,242,2947.73,25.61
w0nderful,ESL_Pro_League_Season_22,312,3295.99,26.16
w0nderful,Esports_World_Cup_2025,69,2969.57,24.46
w0nderful,IEM_Chengdu_2025,143,3088.81,25.58
w0nderful,IEM_Cologne_2025,336,3110.86,25.05
w0nderful,IEM_Katowice_2025,198,3153.03,25.28
w0nderful,IEM_Melbourne_2025,251,2876.29,24.35
w0nderful,PGL_Astana_2025,245,3123.67,25.73
w0nderful,StarLadder_Budapest_Major_2025,276,3263.22,26.06
w0nderful,overall,2621,3116.04,25.52
westmelon, FISSURE_Playground_2,140,2251.07,17.86
westmelon,BLAST.tv_Austin_Major_2025,107,2020.56,18.45
westmelon,IEM_Chengdu_2025,141,2029.79,17.08
westmelon,IEM_Dallas_2025,83,1927.71,17.43
westmelon,overall,471,2075.48,17.68
woxic, FISSURE_Playground_2,196,3538.27,25.4
woxic,BLAST.tv_Austin_Major_2025,121,3097.11,24.45
woxic,BLAST_Bounty_2025_Season_1_Finals,201,3105.72,23.89
woxic,BLAST_Bounty_2025_Season_2_Finals,53,3433.96,25.35
woxic,BLAST_Open_Lisbon_2025,173,3193.93,24.09
woxic,ESL_Pro_League_Season_21,334,3245.51,23.83
woxic,ESL_Pro_League_Season_22,274,3323.54,25.05
woxic,Esports_World_Cup_2025,211,3021.33,23.58
woxic,IEM_Cologne_2025,139,2975.9,22.64
woxic,IEM_Dallas_2025,242,3123.76,24.66
woxic,IEM_Katowice_2025,305,3440.49,24.53
woxic,PGL_Astana_2025,465,3259.25,24.27
woxic,PGL_Bucharest_2025,313,3388.98,25.03
woxic,PGL_Cluj-Napoca_2025,267,3156.37,24.21
woxic,overall,3294,3247.48,24.36
xKacpersky,IEM_Cologne_2025,156,2303.85,19.4
xKacpersky,overall,156,2303.85,19.4
xelex,IEM_Katowice_2025,86,1922.09,17.58
xelex,overall,86,1922.09,17.58
xertioN,BLAST.tv_Austin_Major_2025,404,2299.5,19.72
xertioN,BLAST_Bounty_2025_Season_2_Finals,86,2299.42,20.01
xertioN,BLAST_Open_Lisbon_2025,372,2325.94,18.99
xertioN,BLAST_Open_London _2025_Finals,102,2315.2,19.62
xertioN,BLAST_Rivals_2025_Season_1,212,2323.11,19.0
xertioN,ESL_Pro_League_Season_21,393,2240.2,19.2
xertioN,ESL_Pro_League_Season_22,336,2362.95,19.63
xertioN,Esports_World_Cup_2025,122,2342.21,20.42
xertioN,IEM_Chengdu_2025,323,2456.5,20.23
xertioN,IEM_Cologne_2025,363,2357.58,19.6
xertioN,IEM_Dallas_2025,240,2295.21,18.87
xertioN,IEM_Katowice_2025,86,2180.23,21.86
xertioN,IEM_Melbourne_2025,187,2227.27,18.46
xertioN,PGL_Cluj-Napoca_2025,463,2334.67,19.59
xertioN,StarLadder_Budapest_Major_2025,219,2290.64,19.58
xertioN,overall,3908,2320.23,19.52
xfl0ud, FISSURE_Playground_2,215,2438.84,19.64
xfl0ud,BLAST_Bounty_2025_Season_1_Finals,40,2157.5,19.59
xfl0ud,IEM_Chengdu_2025,195,2215.38,19.01
xfl0ud,IEM_Cologne_2025,139,2293.53,18.86
xfl0ud,IEM_Dallas_2025,262,2294.85,19.75
xfl0ud,overall,851,2306.35,19.4
xiELO,StarLadder_Budapest_Major_2025,119,2152.52,19.47
xiELO,overall,119,2152.52,19.47
yAmi,BLAST_Open_Lisbon_2025,86,2030.23,20.53
yAmi,overall,86,2030.23,20.53
youka,PGL_Astana_2025,197,3081.98,24.69
youka,overall,197,3081.98,24.69
yuurih, FISSURE_Playground_2,409,2433.37,19.31
yuurih,BLAST.tv_Austin_Major_2025,146,2192.81,18.32
yuurih,BLAST_Open_Lisbon_2025,128,2340.23,20.25
yuurih,BLAST_Open_London _2025_Finals,36,2001.39,18.95
yuurih,BLAST_Rivals_2025_Season_2,285,2263.33,18.37
yuurih,ESL_Pro_League_Season_21,272,2328.86,19.9
yuurih,ESL_Pro_League_Season_22,243,2232.3,18.67
yuurih,IEM_Chengdu_2025,307,2278.5,18.36
yuurih,IEM_Cologne_2025,272,2366.36,18.66
yuurih,IEM_Dallas_2025,144,2165.62,18.85
yuurih,IEM_Katowice_2025,102,2091.18,18.89
yuurih,PGL_Astana_2025,391,2204.86,19.16
yuurih,PGL_Bucharest_2025,182,2021.15,19.45
yuurih,StarLadder_Budapest_Major_2025,138,2191.67,18.18
yuurih,overall,3055,2261.42,18.96
yxngstxr, FISSURE_Playground_2,215,2311.63,18.48
yxngstxr,BLAST_Bounty_2025_Season_1_Finals,40,2027.5,19.28
yxngstxr,Esports_World_Cup_2025,108,2114.81,17.54
yxngstxr,IEM_Chengdu_2025,195,2194.62,18.94
yxngstxr,IEM_Cologne_2025,87,2085.06,19.42
yxngstxr,IEM_Dallas_2025,262,2227.67,18.47
yxngstxr,overall,907,2204.52,18.59
z4KR, FISSURE_Playground_2,140,3426.79,25.14
z4KR,BLAST.tv_Austin_Major_2025,107,2864.95,24.59
z4KR,IEM_Chengdu_2025,141,3185.46,25.89
z4KR,IEM_Dallas_2025,83,2739.76,23.87
z4KR,overall,471,3105.84,25.01
zAAz,PGL_Cluj-Napoca_2025,101,1810.89,19.11
zAAz,overall,101,1810.89,19.11
zont1x,BLAST.tv_Austin_Major_2025,167,2372.16,18.12
zont1x,BLAST_Bounty_2025_Season_1_Finals,190,2221.84,17.87
zont1x,BLAST_Bounty_2025_Season_2_Finals,158,2342.09,18.21
zont1x,BLAST_Open_Lisbon_2025,316,2424.21,19.37
zont1x,BLAST_Rivals_2025_Season_1,179,2269.55,19.31
zont1x,ESL_Pro_League_Season_21,271,2332.47,18.68
zont1x,Esports_World_Cup_2025,64,2363.28,18.79
zont1x,IEM_Cologne_2025,312,2248.4,17.86
zont1x,IEM_Katowice_2025,363,2207.99,18.22
zont1x,PGL_Astana_2025,327,2238.23,18.58
zont1x,overall,2347,2291.82,18.49
ztr, FISSURE_Playground_2,230,2035.87,16.13
ztr,ESL_Pro_League_Season_21,299,1955.52,16.23
ztr,ESL_Pro_League_Season_22,135,1897.41,16.57
ztr,Esports_World_Cup_2025,36,1500.0,15.67
ztr,IEM_Cologne_2025,128,2166.41,17.24
ztr,IEM_Dallas_2025,304,2016.94,17.43
ztr,IEM_Katowice_2025,187,1880.21,17.07
ztr,IEM_Melbourne_2025,235,1975.32,16.49
ztr,PGL_Astana_2025,153,1921.9,16.52
ztr,PGL_Bucharest_2025,252,2008.53,16.54
ztr,overall,1959,1975.27,16.66
zweih,BLAST.tv_Austin_Major_2025,101,2130.69,19.4
zweih,BLAST_Bounty_2025_Season_2_Finals,158,2368.99,19.1
zweih,BLAST_Rivals_2025_Season_2,180,2256.94,18.1
zweih,ESL_Pro_League_Season_22,180,2162.5,18.58
zweih,Esports_World_Cup_2025,64,2303.91,19.4
zweih,IEM_Chengdu_2025,238,2204.41,18.04
zweih,IEM_Cologne_2025,312,2286.22,18.74
zweih,StarLadder_Budapest_Major_2025,206,2326.21,18.57
zweih,overall,1439,2258.23,18.62
 GOATESK ,PGL_Bucharest_2025,24,2850.0,22.9
 GOATESK ,overall,24,2850.0,22.9
